run_id,run_group,results_dir,metrics_path,config_path,status,metrics_present,sharpe_ratio_abs,total_pnl,max_drawdown_abs,total_trades,total_pairs_traded,best_pair_pnl,worst_pair_pnl,avg_pnl_per_pair
20260114_071935_main_2024_wfa,20260114_071935_main_2024_wfa,artifacts/wfa/runs/20260114_071935_main_2024_wfa,artifacts/wfa/runs/20260114_071935_main_2024_wfa/strategy_metrics.csv,,unknown,True,0.16955909705274833,112.80214646880631,-77.16279852023581,1841.0,290.0,30.736745834350586,-19.20827865600586,0.3838518082685325
20260114_072317_balanced_2024_wfa,20260114_072317_balanced_2024_wfa,artifacts/wfa/runs/20260114_072317_balanced_2024_wfa,artifacts/wfa/runs/20260114_072317_balanced_2024_wfa/strategy_metrics.csv,,unknown,True,0.014032373390915046,1.3000258559695794,-20.3840964665942,265.0,29.0,9.927974,-10.875997,0.04482845
20260114_073405_balanced_2024_wfa_repeat,20260114_073405_balanced_2024_wfa_repeat,artifacts/wfa/runs/20260114_073405_balanced_2024_wfa_repeat,artifacts/wfa/runs/20260114_073405_balanced_2024_wfa_repeat/strategy_metrics.csv,,unknown,True,0.014032373390915046,1.3000258559695794,-20.3840964665942,265.0,29.0,9.927974,-10.875997,0.04482845
20260114_075638_smoke_fast20_wfa,20260114_075638_smoke_fast20_wfa,artifacts/wfa/runs/20260114_075638_smoke_fast20_wfa,artifacts/wfa/runs/20260114_075638_smoke_fast20_wfa/strategy_metrics.csv,,unknown,True,-0.6205174650409233,-52.40047556796344,-66.68829711247236,394.0,108.0,4.546341,-19.778234,-0.3397522
20260114_075758_smoke_fast20_wfa_repeat,20260114_075758_smoke_fast20_wfa_repeat,artifacts/wfa/runs/20260114_075758_smoke_fast20_wfa_repeat,artifacts/wfa/runs/20260114_075758_smoke_fast20_wfa_repeat/strategy_metrics.csv,,unknown,True,-0.6205174650409233,-52.40047556796344,-66.68829711247236,394.0,108.0,4.546341,-19.778234,-0.3397522
20260114_081835_main_2024_wfa_refresh,20260114_081835_main_2024_wfa_refresh,artifacts/wfa/runs/20260114_081835_main_2024_wfa_refresh,artifacts/wfa/runs/20260114_081835_main_2024_wfa_refresh/strategy_metrics.csv,,unknown,True,0.16955909705274833,112.80214646880631,-77.16279852023581,1841.0,290.0,30.736745834350586,-19.20827865600586,0.3838518082685325
20260114_084102_smoke_time_stop_clamp,20260114_084102_smoke_time_stop_clamp,artifacts/wfa/runs/20260114_084102_smoke_time_stop_clamp,artifacts/wfa/runs/20260114_084102_smoke_time_stop_clamp/strategy_metrics.csv,,unknown,True,-0.6205174650409233,-52.40047556796344,-66.68829711247236,394.0,108.0,4.546341,-19.778234,-0.3397522
20260114_093244_main_2024_wfa_step5,20260114_093244_main_2024_wfa_step5,artifacts/wfa/runs/20260114_093244_main_2024_wfa_step5,artifacts/wfa/runs/20260114_093244_main_2024_wfa_step5/strategy_metrics.csv,,unknown,True,0.2617695281917387,311.90528674444795,-126.2297362559475,2694.0,290.0,62.40039,-19.208279,1.057849
20260114_095105_main_2024_wfa_step5_repeat,20260114_095105_main_2024_wfa_step5_repeat,artifacts/wfa/runs/20260114_095105_main_2024_wfa_step5_repeat,artifacts/wfa/runs/20260114_095105_main_2024_wfa_step5_repeat/strategy_metrics.csv,,unknown,True,0.2617695281917387,311.90528674444795,-126.2297362559475,2694.0,290.0,62.40039,-19.208279,1.057849
20260114_110612_main_2024_wfa_fixed_top200_step5,20260114_110612_main_2024_wfa_fixed_top200_step5,artifacts/wfa/runs/20260114_110612_main_2024_wfa_fixed_top200_step5,artifacts/wfa/runs/20260114_110612_main_2024_wfa_fixed_top200_step5/strategy_metrics.csv,,unknown,True,0.18659087966710589,11.212474846135592,-7.45561858129804,75.0,6.0,11.998438,-2.8980799,1.6017818
20260114_110717_main_2024_wfa_fixed_top200_step5_repeat,20260114_110717_main_2024_wfa_fixed_top200_step5_repeat,artifacts/wfa/runs/20260114_110717_main_2024_wfa_fixed_top200_step5_repeat,artifacts/wfa/runs/20260114_110717_main_2024_wfa_fixed_top200_step5_repeat/strategy_metrics.csv,,unknown,True,0.18659087966710589,11.212474846135592,-7.45561858129804,75.0,6.0,11.998438,-2.8980799,1.6017818
20260114_124742_optuna_candidate_wfa,20260114_124742_optuna_candidate_wfa,artifacts/wfa/runs/20260114_124742_optuna_candidate_wfa,artifacts/wfa/runs/20260114_124742_optuna_candidate_wfa/strategy_metrics.csv,,unknown,True,-0.09394187856938403,-228.49321515578777,-379.04489764917525,1816.0,290.0,39.654583,-103.69522,-0.7834864
20260114_125200_optimize_q4_sanity_wfa,20260114_125200_optimize_q4_sanity_wfa,artifacts/wfa/runs/20260114_125200_optimize_q4_sanity_wfa,artifacts/wfa/runs/20260114_125200_optimize_q4_sanity_wfa/strategy_metrics.csv,,unknown,True,-0.09031121804050342,-20.33398424232655,-68.38471617955292,473.0,51.0,8.825303,-12.885809,-0.37710375
20260114_141327_optimize_q4_sanity_wfa_top1000,20260114_141327_optimize_q4_sanity_wfa_top1000,artifacts/wfa/runs/20260114_141327_optimize_q4_sanity_wfa_top1000,artifacts/wfa/runs/20260114_141327_optimize_q4_sanity_wfa_top1000/strategy_metrics.csv,,unknown,True,-0.09999731859889818,-21.102079964748555,-62.64814297349585,418.0,42.0,6.1863194,-12.885809,-0.4694333
20260114_141715_optimize_q4_sanity_wfa_top5000,20260114_141715_optimize_q4_sanity_wfa_top5000,artifacts/wfa/runs/20260114_141715_optimize_q4_sanity_wfa_top5000,artifacts/wfa/runs/20260114_141715_optimize_q4_sanity_wfa_top5000/strategy_metrics.csv,,unknown,True,-0.1701917807917501,-54.82802019263545,-99.1228732019772,809.0,92.0,8.825303,-18.80231,-0.5818672
20260114_142519_optimize_q4_sanity_wfa_top5000_relaxed,20260114_142519_optimize_q4_sanity_wfa_top5000_relaxed,artifacts/wfa/runs/20260114_142519_optimize_q4_sanity_wfa_top5000_relaxed,artifacts/wfa/runs/20260114_142519_optimize_q4_sanity_wfa_top5000_relaxed/strategy_metrics.csv,,unknown,True,-0.17871344326511474,-30.18121854970741,-59.88064721236515,475.0,56.0,6.1863194,-12.885809,-0.5117326
20260114_143215_optimize_q4_sanity_wfa_top5000_relaxed_corr,20260114_143215_optimize_q4_sanity_wfa_top5000_relaxed_corr,artifacts/wfa/runs/20260114_143215_optimize_q4_sanity_wfa_top5000_relaxed_corr,artifacts/wfa/runs/20260114_143215_optimize_q4_sanity_wfa_top5000_relaxed_corr/strategy_metrics.csv,,unknown,True,-0.17871344326511474,-30.18121854970741,-59.88064721236515,475.0,56.0,6.1863194,-12.885809,-0.5117326
20260114_144344_optimize_q4_sanity_wfa_top5000_relaxed3,20260114_144344_optimize_q4_sanity_wfa_top5000_relaxed3,artifacts/wfa/runs/20260114_144344_optimize_q4_sanity_wfa_top5000_relaxed3,artifacts/wfa/runs/20260114_144344_optimize_q4_sanity_wfa_top5000_relaxed3/strategy_metrics.csv,,unknown,True,-0.1514370649251287,-76.60951232425214,-178.04015959855678,1396.0,153.0,19.164343,-18.80231,-0.5681871
20260114_145500_optimize_q4_sanity_wfa_zscore_0p8,20260114_145500_optimize_q4_sanity_wfa_zscore_0p8,artifacts/wfa/runs/20260114_145500_optimize_q4_sanity_wfa_zscore_0p8,artifacts/wfa/runs/20260114_145500_optimize_q4_sanity_wfa_zscore_0p8/strategy_metrics.csv,,unknown,True,0.2568960879920881,158.5431700727495,-82.18736071902094,3687.0,153.0,31.243996,-12.68115,0.8954672
20260114_150400_optimize_q4_sanity_wfa_zscore_1p2,20260114_150400_optimize_q4_sanity_wfa_zscore_1p2,artifacts/wfa/runs/20260114_150400_optimize_q4_sanity_wfa_zscore_1p2,artifacts/wfa/runs/20260114_150400_optimize_q4_sanity_wfa_zscore_1p2/strategy_metrics.csv,,unknown,True,-0.061833002966215744,-25.236018648080062,-120.51822602303582,670.0,153.0,20.027765,-17.006577,-0.26172337
20260114_153500_optimize_q4_sanity_wfa_zscore_0p7,20260114_153500_optimize_q4_sanity_wfa_zscore_0p7,artifacts/wfa/runs/20260114_153500_optimize_q4_sanity_wfa_zscore_0p7,artifacts/wfa/runs/20260114_153500_optimize_q4_sanity_wfa_zscore_0p7/strategy_metrics.csv,,unknown,True,0.20403510097383534,156.8533524578961,-113.28467334242305,6566.0,153.0,27.200432,-20.824432,0.84604716
20260114_154200_optimize_q4_sanity_wfa_zscore_0p9,20260114_154200_optimize_q4_sanity_wfa_zscore_0p9,artifacts/wfa/runs/20260114_154200_optimize_q4_sanity_wfa_zscore_0p9,artifacts/wfa/runs/20260114_154200_optimize_q4_sanity_wfa_zscore_0p9/strategy_metrics.csv,,unknown,True,-0.04210868299288487,-24.66930300011518,-114.92112283792449,2212.0,153.0,19.713299,-17.714556,-0.22920252
20260114_154800_optimize_q4_sanity_wfa_zscore_0p8_cd1,20260114_154800_optimize_q4_sanity_wfa_zscore_0p8_cd1,artifacts/wfa/runs/20260114_154800_optimize_q4_sanity_wfa_zscore_0p8_cd1,artifacts/wfa/runs/20260114_154800_optimize_q4_sanity_wfa_zscore_0p8_cd1/strategy_metrics.csv,,unknown,True,0.2568960879920881,158.5431700727495,-82.18736071902094,3687.0,153.0,31.243996,-12.68115,0.8954672
20260114_155700_optimize_q4_sanity_wfa_zscore_0p8_rw72,20260114_155700_optimize_q4_sanity_wfa_zscore_0p8_rw72,artifacts/wfa/runs/20260114_155700_optimize_q4_sanity_wfa_zscore_0p8_rw72,artifacts/wfa/runs/20260114_155700_optimize_q4_sanity_wfa_zscore_0p8_rw72/strategy_metrics.csv,,unknown,True,0.13460279643659454,96.04356647754321,-108.61219430694473,3816.0,144.0,38.741177,-14.310302,0.5549023
20260114_160200_optimize_q4_sanity_wfa_zscore_0p8_rw120,20260114_160200_optimize_q4_sanity_wfa_zscore_0p8_rw120,artifacts/wfa/runs/20260114_160200_optimize_q4_sanity_wfa_zscore_0p8_rw120,artifacts/wfa/runs/20260114_160200_optimize_q4_sanity_wfa_zscore_0p8_rw120/strategy_metrics.csv,,unknown,True,-0.006360249663493586,-4.411866408867354,-160.55479514918989,3594.0,156.0,16.258335,-22.559105,-0.13778217
20260114_161240_optimize_q4_sanity_wfa_zscore_0p8_exit_0p1,20260114_161240_optimize_q4_sanity_wfa_zscore_0p8_exit_0p1,artifacts/wfa/runs/20260114_161240_optimize_q4_sanity_wfa_zscore_0p8_exit_0p1,artifacts/wfa/runs/20260114_161240_optimize_q4_sanity_wfa_zscore_0p8_exit_0p1/strategy_metrics.csv,,unknown,True,0.2927187407604862,181.4049905790307,-81.79286494496046,3690.0,153.0,31.243996,-12.68115,1.0111784
20260114_162005_optimize_q4_sanity_wfa_zscore_0p8_sl2p5_ts3p5,20260114_162005_optimize_q4_sanity_wfa_zscore_0p8_sl2p5_ts3p5,artifacts/wfa/runs/20260114_162005_optimize_q4_sanity_wfa_zscore_0p8_sl2p5_ts3p5,artifacts/wfa/runs/20260114_162005_optimize_q4_sanity_wfa_zscore_0p8_sl2p5_ts3p5/strategy_metrics.csv,,unknown,True,0.2568960879920881,158.5431700727495,-82.18736071902094,3687.0,153.0,31.243996,-12.68115,0.8954672
20260114_162724_optimize_q4_sanity_wfa_zscore_0p8_filters_strict,20260114_162724_optimize_q4_sanity_wfa_zscore_0p8_filters_strict,artifacts/wfa/runs/20260114_162724_optimize_q4_sanity_wfa_zscore_0p8_filters_strict,artifacts/wfa/runs/20260114_162724_optimize_q4_sanity_wfa_zscore_0p8_filters_strict/strategy_metrics.csv,,unknown,True,0.23110905710391255,108.93401958671166,-80.49703494569985,2770.0,115.0,31.243996,-11.999271,0.8935949
20260114_163803_optimize_q4_sanity_wfa_zscore_0p8_exit_0p15,20260114_163803_optimize_q4_sanity_wfa_zscore_0p8_exit_0p15,artifacts/wfa/runs/20260114_163803_optimize_q4_sanity_wfa_zscore_0p8_exit_0p15,artifacts/wfa/runs/20260114_163803_optimize_q4_sanity_wfa_zscore_0p8_exit_0p15/strategy_metrics.csv,,unknown,True,0.2749696578411026,169.82273244907265,-82.22721539455233,3694.0,153.0,31.243996,-12.68115,0.94286776
20260114_164814_optimize_wfa5_zscore_0p8_exit_0p1,20260114_164814_optimize_wfa5_zscore_0p8_exit_0p1,artifacts/wfa/runs/20260114_164814_optimize_wfa5_zscore_0p8_exit_0p1,artifacts/wfa/runs/20260114_164814_optimize_wfa5_zscore_0p8_exit_0p1/strategy_metrics.csv,,unknown,True,0.2394044192270947,260.99017487931997,-137.99425742030144,5843.0,248.0,32.8062,-19.518658,0.65407234
20260114_170231_optimize_wfa5_zscore_0p8_exit_0p1_kpss0p03,20260114_170231_optimize_wfa5_zscore_0p8_exit_0p1_kpss0p03,artifacts/wfa/runs/20260114_170231_optimize_wfa5_zscore_0p8_exit_0p1_kpss0p03,artifacts/wfa/runs/20260114_170231_optimize_wfa5_zscore_0p8_exit_0p1_kpss0p03/strategy_metrics.csv,,unknown,True,0.24064322885381292,355.7951296879837,-125.6922074483009,8749.0,382.0,32.8062,-35.65371,0.6999879
20260114_172208_optimize_q4_sanity_wfa_zscore_0p8_sigma_0p2,20260114_172208_optimize_q4_sanity_wfa_zscore_0p8_sigma_0p2,artifacts/wfa/runs/20260114_172208_optimize_q4_sanity_wfa_zscore_0p8_sigma_0p2,artifacts/wfa/runs/20260114_172208_optimize_q4_sanity_wfa_zscore_0p8_sigma_0p2/strategy_metrics.csv,,unknown,True,0.2568960879920881,158.5431700727495,-82.18736071902094,3687.0,153.0,31.243996,-12.68115,0.8954672
20260114_173620_optimize_wfa5_zscore_0p8,20260114_173620_optimize_wfa5_zscore_0p8,artifacts/wfa/runs/20260114_173620_optimize_wfa5_zscore_0p8,artifacts/wfa/runs/20260114_173620_optimize_wfa5_zscore_0p8/strategy_metrics.csv,,unknown,True,0.2156679799662599,235.02574801055016,-148.2830005865544,5838.0,248.0,32.91983,-20.082924,0.5748747
20260114_175017_optimize_q4_sanity_wfa_zscore_0p8_kpss0p03,20260114_175017_optimize_q4_sanity_wfa_zscore_0p8_kpss0p03,artifacts/wfa/runs/20260114_175017_optimize_q4_sanity_wfa_zscore_0p8_kpss0p03,artifacts/wfa/runs/20260114_175017_optimize_q4_sanity_wfa_zscore_0p8_kpss0p03/strategy_metrics.csv,,unknown,True,0.2010332863578059,189.9031016045774,-134.26169897147338,5653.0,235.0,31.243996,-39.111187,0.59857154
20260114_175849_optimize_q4_sanity_wfa_zscore_0p8_cd4,20260114_175849_optimize_q4_sanity_wfa_zscore_0p8_cd4,artifacts/wfa/runs/20260114_175849_optimize_q4_sanity_wfa_zscore_0p8_cd4,artifacts/wfa/runs/20260114_175849_optimize_q4_sanity_wfa_zscore_0p8_cd4/strategy_metrics.csv,,unknown,True,0.2568960879920881,158.5431700727495,-82.18736071902094,3687.0,153.0,31.243996,-12.68115,0.8954672
20260114_181839_optimize_q4_sanity_wfa_zscore_0p8_corr0p35,20260114_181839_optimize_q4_sanity_wfa_zscore_0p8_corr0p35,artifacts/wfa/runs/20260114_181839_optimize_q4_sanity_wfa_zscore_0p8_corr0p35,artifacts/wfa/runs/20260114_181839_optimize_q4_sanity_wfa_zscore_0p8_corr0p35/strategy_metrics.csv,,unknown,True,0.2568960879920881,158.5431700727495,-82.18736071902094,3687.0,153.0,31.243996,-12.68115,0.8954672
20260114_182548_optimize_q4_sanity_wfa_zscore_0p8_hurst0p7,20260114_182548_optimize_q4_sanity_wfa_zscore_0p8_hurst0p7,artifacts/wfa/runs/20260114_182548_optimize_q4_sanity_wfa_zscore_0p8_hurst0p7,artifacts/wfa/runs/20260114_182548_optimize_q4_sanity_wfa_zscore_0p8_hurst0p7/strategy_metrics.csv,,unknown,True,0.2602019530867346,177.29592166634393,-98.84092844068073,4110.0,166.0,31.243996,-12.68115,0.893327
20260114_183705_optimize_q4_sanity_wfa_zscore_0p8_kpss0p07,20260114_183705_optimize_q4_sanity_wfa_zscore_0p8_kpss0p07,artifacts/wfa/runs/20260114_183705_optimize_q4_sanity_wfa_zscore_0p8_kpss0p07,artifacts/wfa/runs/20260114_183705_optimize_q4_sanity_wfa_zscore_0p8_kpss0p07/strategy_metrics.csv,,unknown,True,0.1878295465310174,102.98626870536827,-77.16470376128564,2934.0,119.0,31.243996,-12.68115,0.77798766
20260114_184657_optimize_q4_sanity_wfa_zscore_0p8_pvalue0p3,20260114_184657_optimize_q4_sanity_wfa_zscore_0p8_pvalue0p3,artifacts/wfa/runs/20260114_184657_optimize_q4_sanity_wfa_zscore_0p8_pvalue0p3,artifacts/wfa/runs/20260114_184657_optimize_q4_sanity_wfa_zscore_0p8_pvalue0p3/strategy_metrics.csv,,unknown,True,0.2548449856535408,156.99756661141873,-82.18736071902094,3628.0,151.0,31.243996,-12.68115,0.8925666
20260114_185355_optimize_q4_sanity_wfa_zscore_0p8_pvalue0p4,20260114_185355_optimize_q4_sanity_wfa_zscore_0p8_pvalue0p4,artifacts/wfa/runs/20260114_185355_optimize_q4_sanity_wfa_zscore_0p8_pvalue0p4,artifacts/wfa/runs/20260114_185355_optimize_q4_sanity_wfa_zscore_0p8_pvalue0p4/strategy_metrics.csv,,unknown,True,0.2662203254696819,166.62401806048,-82.18736071902094,3767.0,157.0,31.243996,-12.68115,0.9311405
20260114_192408_smoke_fullcpu,20260114_192408_smoke_fullcpu,artifacts/wfa/runs/20260114_192408_smoke_fullcpu,artifacts/wfa/runs/20260114_192408_smoke_fullcpu/strategy_metrics.csv,,unknown,True,-0.6205174650409233,-52.40047556796344,-66.68829711247236,394.0,108.0,4.546341,-19.778234,-0.33975232
20260114_192502_fullcpu_zscore0p8_sanity,20260114_192502_fullcpu_zscore0p8_sanity,artifacts/wfa/runs/20260114_192502_fullcpu_zscore0p8_sanity,artifacts/wfa/runs/20260114_192502_fullcpu_zscore0p8_sanity/strategy_metrics.csv,,unknown,True,0.2568960879920881,158.5431700727495,-82.18736071902094,3687.0,153.0,31.243996,-12.68115,0.89546716
20260114_194852_optimize_q4_sanity_wfa_zscore_0p8_zscore0p75,20260114_194852_optimize_q4_sanity_wfa_zscore_0p8_zscore0p75,artifacts/wfa/runs/20260114_194852_optimize_q4_sanity_wfa_zscore_0p8_zscore0p75,artifacts/wfa/runs/20260114_194852_optimize_q4_sanity_wfa_zscore_0p8_zscore0p75/strategy_metrics.csv,,unknown,True,0.13255387754259187,89.91876946945558,-138.4920038866694,4845.0,153.0,19.768951,-18.059727,0.4294027
20260114_195745_optimize_q4_sanity_wfa_zscore_0p8_zscore0p85,20260114_195745_optimize_q4_sanity_wfa_zscore_0p8_zscore0p85,artifacts/wfa/runs/20260114_195745_optimize_q4_sanity_wfa_zscore_0p8_zscore0p85,artifacts/wfa/runs/20260114_195745_optimize_q4_sanity_wfa_zscore_0p8_zscore0p85/strategy_metrics.csv,,unknown,True,0.026580926614857756,15.437101168499794,-106.95036109088687,2864.0,153.0,19.09931,-14.537999,0.030579455
20260114_200445_optimize_q4_sanity_wfa_zscore_0p8_exit0p05,20260114_200445_optimize_q4_sanity_wfa_zscore_0p8_exit0p05,artifacts/wfa/runs/20260114_200445_optimize_q4_sanity_wfa_zscore_0p8_exit0p05,artifacts/wfa/runs/20260114_200445_optimize_q4_sanity_wfa_zscore_0p8_exit0p05/strategy_metrics.csv,,unknown,True,0.2764117505226003,171.0311890419398,-82.21593434753595,3688.0,153.0,31.243996,-12.68115,0.94674474
20260114_202104_optimize_q4_sanity_wfa_zscore_0p8_exit0p05_pvalue0p4,20260114_202104_optimize_q4_sanity_wfa_zscore_0p8_exit0p05_pvalue0p4,artifacts/wfa/runs/20260114_202104_optimize_q4_sanity_wfa_zscore_0p8_exit0p05_pvalue0p4,artifacts/wfa/runs/20260114_202104_optimize_q4_sanity_wfa_zscore_0p8_exit0p05_pvalue0p4/strategy_metrics.csv,,unknown,True,0.28545713762799135,179.1117655938433,-82.21593434753595,3768.0,157.0,31.243996,-12.68115,0.9811748
20260114_203041_optimize_q4_sanity_wfa_zscore_0p8_exit0p05_hurst0p7,20260114_203041_optimize_q4_sanity_wfa_zscore_0p8_exit0p05_hurst0p7,artifacts/wfa/runs/20260114_203041_optimize_q4_sanity_wfa_zscore_0p8_exit0p05_hurst0p7,artifacts/wfa/runs/20260114_203041_optimize_q4_sanity_wfa_zscore_0p8_exit0p05_hurst0p7/strategy_metrics.csv,,unknown,True,0.2831235069724254,193.25049069701345,-98.86950207292102,4112.0,166.0,31.243996,-12.68115,0.9591683
20260114_204846_optimize_q4_sanity_wfa_zscore_0p8_exit0p04_pvalue0p4,20260114_204846_optimize_q4_sanity_wfa_zscore_0p8_exit0p04_pvalue0p4,artifacts/wfa/runs/20260114_204846_optimize_q4_sanity_wfa_zscore_0p8_exit0p04_pvalue0p4,artifacts/wfa/runs/20260114_204846_optimize_q4_sanity_wfa_zscore_0p8_exit0p04_pvalue0p4/strategy_metrics.csv,,unknown,True,0.2834842262128158,177.88625473025604,-82.16044582071481,3768.0,157.0,31.243996,-12.68115,0.9737475
20260114_205609_optimize_q4_sanity_wfa_zscore_0p8_exit0p06_pvalue0p4,20260114_205609_optimize_q4_sanity_wfa_zscore_0p8_exit0p06_pvalue0p4,artifacts/wfa/runs/20260114_205609_optimize_q4_sanity_wfa_zscore_0p8_exit0p06_pvalue0p4,artifacts/wfa/runs/20260114_205609_optimize_q4_sanity_wfa_zscore_0p8_exit0p06_pvalue0p4/strategy_metrics.csv,,unknown,True,0.2904549901652444,182.31011454897816,-81.50394513848005,3768.0,157.0,31.243996,-12.68115,1.0005587
20260114_210901_optimize_q4_sanity_wfa_zscore_0p8_exit0p05_pvalue0p45,20260114_210901_optimize_q4_sanity_wfa_zscore_0p8_exit0p05_pvalue0p45,artifacts/wfa/runs/20260114_210901_optimize_q4_sanity_wfa_zscore_0p8_exit0p05_pvalue0p45,artifacts/wfa/runs/20260114_210901_optimize_q4_sanity_wfa_zscore_0p8_exit0p05_pvalue0p45/strategy_metrics.csv,,unknown,True,0.2845766576688624,179.46238469108357,-82.21593434753595,3831.0,160.0,31.243996,-12.68115,0.97173816
20260114_211724_optimize_q4_sanity_wfa_zscore_0p8_exit0p05_pvalue0p5,20260114_211724_optimize_q4_sanity_wfa_zscore_0p8_exit0p05_pvalue0p5,artifacts/wfa/runs/20260114_211724_optimize_q4_sanity_wfa_zscore_0p8_exit0p05_pvalue0p5,artifacts/wfa/runs/20260114_211724_optimize_q4_sanity_wfa_zscore_0p8_exit0p05_pvalue0p5/strategy_metrics.csv,,unknown,True,0.27850112003907795,182.39654175800388,-87.6943330889917,4005.0,166.0,31.243996,-12.68115,0.9308496
20260114_212610_optimize_q4_sanity_wfa_zscore_0p75_exit0p05_pvalue0p4,20260114_212610_optimize_q4_sanity_wfa_zscore_0p75_exit0p05_pvalue0p4,artifacts/wfa/runs/20260114_212610_optimize_q4_sanity_wfa_zscore_0p75_exit0p05_pvalue0p4,artifacts/wfa/runs/20260114_212610_optimize_q4_sanity_wfa_zscore_0p75_exit0p05_pvalue0p4/strategy_metrics.csv,,unknown,True,0.1714733604101564,119.21605463177548,-138.69039916683687,4956.0,157.0,20.816803,-18.059727,0.58052415
20260114_213413_optimize_q4_sanity_wfa_zscore_0p85_exit0p05_pvalue0p4,20260114_213413_optimize_q4_sanity_wfa_zscore_0p85_exit0p05_pvalue0p4,artifacts/wfa/runs/20260114_213413_optimize_q4_sanity_wfa_zscore_0p85_exit0p05_pvalue0p4,artifacts/wfa/runs/20260114_213413_optimize_q4_sanity_wfa_zscore_0p85_exit0p05_pvalue0p4/strategy_metrics.csv,,unknown,True,0.041688731306074936,24.970415844174568,-100.41749933542451,2920.0,157.0,19.306519,-14.537999,0.08909255
20260115_quality_universe_200k_z0p8_corr0p45,20260115_quality_universe_200k_z0p8_corr0p45,artifacts/wfa/runs/20260115_quality_universe_200k_z0p8_corr0p45,artifacts/wfa/runs/20260115_quality_universe_200k_z0p8_corr0p45/strategy_metrics.csv,,unknown,True,0.4104752602974087,180.99626567593077,-15.319148959650192,457.0,18.0,100.184685,-3.788035,10.055348
20260115_quality_universe_200k_z0p8_corr0p45_signal_strict,20260115_quality_universe_200k_z0p8_corr0p45_signal_strict,artifacts/wfa/runs/20260115_quality_universe_200k_z0p8_corr0p45_signal_strict,artifacts/wfa/runs/20260115_quality_universe_200k_z0p8_corr0p45_signal_strict/strategy_metrics.csv,,unknown,True,0.4104752602974087,180.99626567593077,-15.319148959650192,457.0,18.0,100.184685,-3.788035,10.055348
20260115_quality_universe_200k_z0p8_corr0p45_tradeable,20260115_quality_universe_200k_z0p8_corr0p45_tradeable,artifacts/wfa/runs/20260115_quality_universe_200k_z0p8_corr0p45_tradeable,artifacts/wfa/runs/20260115_quality_universe_200k_z0p8_corr0p45_tradeable/strategy_metrics.csv,,unknown,True,0.36812697324432436,153.12730544887017,-15.059766375285108,278.0,12.0,100.184685,-0.9099646,12.76061
20260115_quality_universe_200k_z0p8_corr0p5_hl0p05-45,20260115_quality_universe_200k_z0p8_corr0p5_hl0p05-45,artifacts/wfa/runs/20260115_quality_universe_200k_z0p8_corr0p5_hl0p05-45,artifacts/wfa/runs/20260115_quality_universe_200k_z0p8_corr0p5_hl0p05-45/strategy_metrics.csv,,unknown,True,0.3999760355933704,81.72154964378569,-13.089532906189561,436.0,16.0,17.158737,-3.788035,5.107597
20260115_quality_universe_200k_z0p9_exit0p1,20260115_quality_universe_200k_z0p9_exit0p1,artifacts/wfa/runs/20260115_quality_universe_200k_z0p9_exit0p1,artifacts/wfa/runs/20260115_quality_universe_200k_z0p9_exit0p1/strategy_metrics.csv,,unknown,True,0.38324997548711826,162.55914377141744,-12.278069742023945,278.0,18.0,89.96573,-2.6631925,9.031064
20260115_quality_universe_200k_z1p0_exit0p1,20260115_quality_universe_200k_z1p0_exit0p1,artifacts/wfa/runs/20260115_quality_universe_200k_z1p0_exit0p1,artifacts/wfa/runs/20260115_quality_universe_200k_z1p0_exit0p1/strategy_metrics.csv,,unknown,True,0.33789539674835944,141.79572391405236,-19.961118646897376,177.0,18.0,89.96573,-5.6627274,7.8775406
20260115_quality_universe_200k_z1p0_exit0p15,20260115_quality_universe_200k_z1p0_exit0p15,artifacts/wfa/runs/20260115_quality_universe_200k_z1p0_exit0p15,artifacts/wfa/runs/20260115_quality_universe_200k_z1p0_exit0p15/strategy_metrics.csv,,unknown,True,0.33789539674835944,141.79572391405236,-19.961118646897376,177.0,18.0,89.96573,-5.6627274,7.8775406
20260115_quality_universe_200k_z1p0_exit0p15_blacklist,20260115_quality_universe_200k_z1p0_exit0p15_blacklist,artifacts/wfa/runs/20260115_quality_universe_200k_z1p0_exit0p15_blacklist,artifacts/wfa/runs/20260115_quality_universe_200k_z1p0_exit0p15_blacklist/strategy_metrics.csv,,unknown,True,0.30895336450006367,128.37931071978528,-14.766026481986046,135.0,14.0,89.96573,-5.6627274,9.169951
20260115_quality_universe_250k_z0p8_corr0p45,20260115_quality_universe_250k_z0p8_corr0p45,artifacts/wfa/runs/20260115_quality_universe_250k_z0p8_corr0p45,artifacts/wfa/runs/20260115_quality_universe_250k_z0p8_corr0p45/strategy_metrics.csv,,unknown,True,0.3724241931886633,153.62180585804163,-16.837151422922034,294.0,13.0,100.184685,-3.788035,11.817062
20260115_quality_universe_250k_z1p0_exit0p15_corr0p45,20260115_quality_universe_250k_z1p0_exit0p15_corr0p45,artifacts/wfa/runs/20260115_quality_universe_250k_z1p0_exit0p15_corr0p45,artifacts/wfa/runs/20260115_quality_universe_250k_z1p0_exit0p15_corr0p45/strategy_metrics.csv,,unknown,True,0.3240987991317445,129.25124545453582,-10.098892892943695,107.0,13.0,89.96573,-1.5642741,9.942404
20260115_quality_universe_500k_z0p8_corr0p45,20260115_quality_universe_500k_z0p8_corr0p45,artifacts/wfa/runs/20260115_quality_universe_500k_z0p8_corr0p45,artifacts/wfa/runs/20260115_quality_universe_500k_z0p8_corr0p45/strategy_metrics.csv,,unknown,True,0.3550950321289985,145.71859105298063,-13.801402196346316,203.0,9.0,100.184685,-0.9099646,16.190956
20260115_quality_universe_z0p8,20260115_quality_universe_z0p8,artifacts/wfa/runs/20260115_quality_universe_z0p8,artifacts/wfa/runs/20260115_quality_universe_z0p8/strategy_metrics.csv,,unknown,True,0.3724241931886633,153.62180585804163,-16.837151422922034,294.0,13.0,100.184685,-3.788035,11.817062
20260115_quality_universe_z1p2_hl0p05_mc3_c0p5,20260115_quality_universe_z1p2_hl0p05_mc3_c0p5,artifacts/wfa/runs/20260115_quality_universe_z1p2_hl0p05_mc3_c0p5,artifacts/wfa/runs/20260115_quality_universe_z1p2_hl0p05_mc3_c0p5/strategy_metrics.csv,,unknown,True,0.22663353190025814,17.642133060260676,-5.2106469720602036,52.0,11.0,13.105717,-1.4610739,1.6038303
selgrid_20260115_exit0p06_pv0p30_kpss0p03_h0p60_c0p35_hl0p001-100,20260115_selgrid,artifacts/wfa/runs/20260115_selgrid/selgrid_20260115_exit0p06_pv0p30_kpss0p03_h0p60_c0p35_hl0p001-100,artifacts/wfa/runs/20260115_selgrid/selgrid_20260115_exit0p06_pv0p30_kpss0p03_h0p60_c0p35_hl0p001-100/strategy_metrics.csv,configs/selection_grid_20260115/selgrid_20260115_exit0p06_pv0p30_kpss0p03_h0p60_c0p35_hl0p001-100.yaml,completed,True,0.161229157188152,128.361392125953,-114.11392940380028,4695.0,192.0,31.243996,-39.111187,0.5579726
selgrid_20260115_exit0p06_pv0p30_kpss0p03_h0p65_c0p40_hl0p001-100,20260115_selgrid,artifacts/wfa/runs/20260115_selgrid/selgrid_20260115_exit0p06_pv0p30_kpss0p03_h0p65_c0p40_hl0p001-100,artifacts/wfa/runs/20260115_selgrid/selgrid_20260115_exit0p06_pv0p30_kpss0p03_h0p65_c0p40_hl0p001-100/strategy_metrics.csv,configs/selection_grid_20260115/selgrid_20260115_exit0p06_pv0p30_kpss0p03_h0p65_c0p40_hl0p001-100.yaml,completed,True,0.21935988555508867,203.73328840653994,-136.77889830825734,5414.0,226.0,31.243996,-39.111187,0.65986216
selgrid_20260115_exit0p06_pv0p30_kpss0p03_h0p70_c0p35_hl0p001-100,20260115_selgrid,artifacts/wfa/runs/20260115_selgrid/selgrid_20260115_exit0p06_pv0p30_kpss0p03_h0p70_c0p35_hl0p001-100,,configs/selection_grid_20260115/selgrid_20260115_exit0p06_pv0p30_kpss0p03_h0p70_c0p35_hl0p001-100.yaml,planned,False,,,,,,,,
selgrid_20260115_exit0p06_pv0p30_kpss0p05_h0p60_c0p40_hl0p001-100,20260115_selgrid,artifacts/wfa/runs/20260115_selgrid/selgrid_20260115_exit0p06_pv0p30_kpss0p05_h0p60_c0p40_hl0p001-100,artifacts/wfa/runs/20260115_selgrid/selgrid_20260115_exit0p06_pv0p30_kpss0p05_h0p60_c0p40_hl0p001-100/strategy_metrics.csv,,unknown,True,0.27314050816343166,143.69302162824897,-79.68192919081775,3081.0,127.0,31.243996,-11.999271,1.0437917
selgrid_20260115_exit0p06_pv0p30_kpss0p05_h0p60_c0p40_hl0p01-60,20260115_selgrid,artifacts/wfa/runs/20260115_selgrid/selgrid_20260115_exit0p06_pv0p30_kpss0p05_h0p60_c0p40_hl0p01-60,,configs/selection_grid_20260115/selgrid_20260115_exit0p06_pv0p30_kpss0p05_h0p60_c0p40_hl0p01-60.yaml,planned,False,,,,,,,,
selgrid_20260115_exit0p06_pv0p30_kpss0p05_h0p65_c0p35_hl0p01-60,20260115_selgrid,artifacts/wfa/runs/20260115_selgrid/selgrid_20260115_exit0p06_pv0p30_kpss0p05_h0p65_c0p35_hl0p01-60,,configs/selection_grid_20260115/selgrid_20260115_exit0p06_pv0p30_kpss0p05_h0p65_c0p35_hl0p01-60.yaml,planned,False,,,,,,,,
selgrid_20260115_exit0p06_pv0p30_kpss0p05_h0p65_c0p40_hl0p001-100,20260115_selgrid,artifacts/wfa/runs/20260115_selgrid/selgrid_20260115_exit0p06_pv0p30_kpss0p05_h0p65_c0p40_hl0p001-100,artifacts/wfa/runs/20260115_selgrid/selgrid_20260115_exit0p06_pv0p30_kpss0p05_h0p65_c0p40_hl0p001-100/strategy_metrics.csv,,unknown,True,0.2779683162414848,171.7658534933871,-81.50394513848005,3629.0,151.0,31.243996,-12.68115,0.9588387
selgrid_20260115_exit0p06_pv0p30_kpss0p05_h0p70_c0p40_hl0p001-100,20260115_selgrid,artifacts/wfa/runs/20260115_selgrid/selgrid_20260115_exit0p06_pv0p30_kpss0p05_h0p70_c0p40_hl0p001-100,artifacts/wfa/runs/20260115_selgrid/selgrid_20260115_exit0p06_pv0p30_kpss0p05_h0p70_c0p40_hl0p001-100/strategy_metrics.csv,,unknown,True,0.28467978957289264,194.05798188436893,-98.15751286386512,4053.0,164.0,31.243996,-12.68115,0.9705972
selgrid_20260115_exit0p06_pv0p30_kpss0p05_h0p70_c0p40_hl0p01-60,20260115_selgrid,artifacts/wfa/runs/20260115_selgrid/selgrid_20260115_exit0p06_pv0p30_kpss0p05_h0p70_c0p40_hl0p01-60,,configs/selection_grid_20260115/selgrid_20260115_exit0p06_pv0p30_kpss0p05_h0p70_c0p40_hl0p01-60.yaml,planned,False,,,,,,,,
selgrid_20260115_exit0p06_pv0p30_kpss0p07_h0p60_c0p35_hl0p001-100,20260115_selgrid,artifacts/wfa/runs/20260115_selgrid/selgrid_20260115_exit0p06_pv0p30_kpss0p07_h0p60_c0p35_hl0p001-100,,configs/selection_grid_20260115/selgrid_20260115_exit0p06_pv0p30_kpss0p07_h0p60_c0p35_hl0p001-100.yaml,planned,False,,,,,,,,
selgrid_20260115_exit0p06_pv0p30_kpss0p07_h0p65_c0p40_hl0p001-100,20260115_selgrid,artifacts/wfa/runs/20260115_selgrid/selgrid_20260115_exit0p06_pv0p30_kpss0p07_h0p65_c0p40_hl0p001-100,,configs/selection_grid_20260115/selgrid_20260115_exit0p06_pv0p30_kpss0p07_h0p65_c0p40_hl0p001-100.yaml,planned,False,,,,,,,,
selgrid_20260115_exit0p06_pv0p30_kpss0p07_h0p70_c0p35_hl0p001-100,20260115_selgrid,artifacts/wfa/runs/20260115_selgrid/selgrid_20260115_exit0p06_pv0p30_kpss0p07_h0p70_c0p35_hl0p001-100,,configs/selection_grid_20260115/selgrid_20260115_exit0p06_pv0p30_kpss0p07_h0p70_c0p35_hl0p001-100.yaml,planned,False,,,,,,,,
selgrid_20260115_exit0p06_pv0p40_kpss0p03_h0p60_c0p40_hl0p01-60,20260115_selgrid,artifacts/wfa/runs/20260115_selgrid/selgrid_20260115_exit0p06_pv0p40_kpss0p03_h0p60_c0p40_hl0p01-60,,configs/selection_grid_20260115/selgrid_20260115_exit0p06_pv0p40_kpss0p03_h0p60_c0p40_hl0p01-60.yaml,planned,False,,,,,,,,
selgrid_20260115_exit0p06_pv0p40_kpss0p03_h0p65_c0p35_hl0p01-60,20260115_selgrid,artifacts/wfa/runs/20260115_selgrid/selgrid_20260115_exit0p06_pv0p40_kpss0p03_h0p65_c0p35_hl0p01-60,,configs/selection_grid_20260115/selgrid_20260115_exit0p06_pv0p40_kpss0p03_h0p65_c0p35_hl0p01-60.yaml,planned,False,,,,,,,,
selgrid_20260115_exit0p06_pv0p40_kpss0p03_h0p65_c0p40_hl0p001-100,20260115_selgrid,artifacts/wfa/runs/20260115_selgrid/selgrid_20260115_exit0p06_pv0p40_kpss0p03_h0p65_c0p40_hl0p001-100,artifacts/wfa/runs/20260115_selgrid/selgrid_20260115_exit0p06_pv0p40_kpss0p03_h0p65_c0p40_hl0p001-100/strategy_metrics.csv,,unknown,True,0.2514737986324764,244.291346857819,-133.9009118170652,5828.0,242.0,31.243996,-39.111187,0.7771994
selgrid_20260115_exit0p06_pv0p40_kpss0p03_h0p70_c0p40_hl0p01-60,20260115_selgrid,artifacts/wfa/runs/20260115_selgrid/selgrid_20260115_exit0p06_pv0p40_kpss0p03_h0p70_c0p40_hl0p01-60,,configs/selection_grid_20260115/selgrid_20260115_exit0p06_pv0p40_kpss0p03_h0p70_c0p40_hl0p01-60.yaml,planned,False,,,,,,,,
selgrid_20260115_exit0p06_pv0p40_kpss0p05_h0p60_c0p35_hl0p001-100,20260115_selgrid,artifacts/wfa/runs/20260115_selgrid/selgrid_20260115_exit0p06_pv0p40_kpss0p05_h0p60_c0p35_hl0p001-100,,configs/selection_grid_20260115/selgrid_20260115_exit0p06_pv0p40_kpss0p05_h0p60_c0p35_hl0p001-100.yaml,planned,False,,,,,,,,
selgrid_20260115_exit0p06_pv0p40_kpss0p05_h0p60_c0p40_hl0p001-100,20260115_selgrid,artifacts/wfa/runs/20260115_selgrid/selgrid_20260115_exit0p06_pv0p40_kpss0p05_h0p60_c0p40_hl0p001-100,artifacts/wfa/runs/20260115_selgrid/selgrid_20260115_exit0p06_pv0p40_kpss0p05_h0p60_c0p40_hl0p001-100/strategy_metrics.csv,,unknown,True,0.28890415758866667,155.1245172986528,-79.68192919081775,3220.0,133.0,31.243996,-11.999271,1.0896484
selgrid_20260115_exit0p06_pv0p40_kpss0p05_h0p65_c0p35_hl0p001-100,20260115_selgrid,artifacts/wfa/runs/20260115_selgrid/selgrid_20260115_exit0p06_pv0p40_kpss0p05_h0p65_c0p35_hl0p001-100,artifacts/wfa/runs/20260115_selgrid/selgrid_20260115_exit0p06_pv0p40_kpss0p05_h0p65_c0p35_hl0p001-100/strategy_metrics.csv,,unknown,True,0.2904549901652444,182.31011454897816,-81.50394513848005,3768.0,157.0,31.243996,-12.68115,1.0005587
selgrid_20260115_exit0p06_pv0p40_kpss0p05_h0p65_c0p40_hl0p001-100,20260115_selgrid,artifacts/wfa/runs/20260115_selgrid/selgrid_20260115_exit0p06_pv0p40_kpss0p05_h0p65_c0p40_hl0p001-100,artifacts/wfa/runs/20260115_selgrid/selgrid_20260115_exit0p06_pv0p40_kpss0p05_h0p65_c0p40_hl0p001-100/strategy_metrics.csv,configs/selection_grid_20260115/selgrid_20260115_exit0p06_pv0p40_kpss0p05_h0p65_c0p40_hl0p001-100.yaml,completed,True,0.2904549901652444,182.31011454897816,-81.50394513848005,3768.0,157.0,31.243996,-12.68115,1.0005587
selgrid_20260115_exit0p06_pv0p40_kpss0p05_h0p70_c0p35_hl0p001-100,20260115_selgrid,artifacts/wfa/runs/20260115_selgrid/selgrid_20260115_exit0p06_pv0p40_kpss0p05_h0p70_c0p35_hl0p001-100,,configs/selection_grid_20260115/selgrid_20260115_exit0p06_pv0p40_kpss0p05_h0p70_c0p35_hl0p001-100.yaml,planned,False,,,,,,,,
selgrid_20260115_exit0p06_pv0p40_kpss0p05_h0p70_c0p40_hl0p001-100,20260115_selgrid,artifacts/wfa/runs/20260115_selgrid/selgrid_20260115_exit0p06_pv0p40_kpss0p05_h0p70_c0p40_hl0p001-100,artifacts/wfa/runs/20260115_selgrid/selgrid_20260115_exit0p06_pv0p40_kpss0p05_h0p70_c0p40_hl0p001-100/strategy_metrics.csv,,unknown,True,0.2964668369958856,205.19897558176308,-98.15751286386512,4192.0,170.0,31.243996,-12.68115,1.0080327
selgrid_20260115_exit0p06_pv0p40_kpss0p07_h0p60_c0p40_hl0p01-60,20260115_selgrid,artifacts/wfa/runs/20260115_selgrid/selgrid_20260115_exit0p06_pv0p40_kpss0p07_h0p60_c0p40_hl0p01-60,,configs/selection_grid_20260115/selgrid_20260115_exit0p06_pv0p40_kpss0p07_h0p60_c0p40_hl0p01-60.yaml,planned,False,,,,,,,,
selgrid_20260115_exit0p06_pv0p40_kpss0p07_h0p65_c0p35_hl0p01-60,20260115_selgrid,artifacts/wfa/runs/20260115_selgrid/selgrid_20260115_exit0p06_pv0p40_kpss0p07_h0p65_c0p35_hl0p01-60,,configs/selection_grid_20260115/selgrid_20260115_exit0p06_pv0p40_kpss0p07_h0p65_c0p35_hl0p01-60.yaml,planned,False,,,,,,,,
selgrid_20260115_exit0p06_pv0p40_kpss0p07_h0p65_c0p40_hl0p001-100,20260115_selgrid,artifacts/wfa/runs/20260115_selgrid/selgrid_20260115_exit0p06_pv0p40_kpss0p07_h0p65_c0p40_hl0p001-100,artifacts/wfa/runs/20260115_selgrid/selgrid_20260115_exit0p06_pv0p40_kpss0p07_h0p65_c0p40_hl0p001-100/strategy_metrics.csv,,unknown,True,0.23031910699519506,127.59895065487945,-72.61445464350982,3015.0,123.0,31.243996,-12.68115,0.91582483
selgrid_20260115_exit0p06_pv0p40_kpss0p07_h0p70_c0p40_hl0p01-60,20260115_selgrid,artifacts/wfa/runs/20260115_selgrid/selgrid_20260115_exit0p06_pv0p40_kpss0p07_h0p70_c0p40_hl0p01-60,,configs/selection_grid_20260115/selgrid_20260115_exit0p06_pv0p40_kpss0p07_h0p70_c0p40_hl0p01-60.yaml,planned,False,,,,,,,,
selgrid_20260115_exit0p06_pv0p50_kpss0p03_h0p60_c0p35_hl0p001-100,20260115_selgrid,artifacts/wfa/runs/20260115_selgrid/selgrid_20260115_exit0p06_pv0p50_kpss0p03_h0p60_c0p35_hl0p001-100,,configs/selection_grid_20260115/selgrid_20260115_exit0p06_pv0p50_kpss0p03_h0p60_c0p35_hl0p001-100.yaml,planned,False,,,,,,,,
selgrid_20260115_exit0p06_pv0p50_kpss0p03_h0p65_c0p40_hl0p001-100,20260115_selgrid,artifacts/wfa/runs/20260115_selgrid/selgrid_20260115_exit0p06_pv0p50_kpss0p03_h0p65_c0p40_hl0p001-100,,configs/selection_grid_20260115/selgrid_20260115_exit0p06_pv0p50_kpss0p03_h0p65_c0p40_hl0p001-100.yaml,planned,False,,,,,,,,
selgrid_20260115_exit0p06_pv0p50_kpss0p03_h0p70_c0p35_hl0p001-100,20260115_selgrid,artifacts/wfa/runs/20260115_selgrid/selgrid_20260115_exit0p06_pv0p50_kpss0p03_h0p70_c0p35_hl0p001-100,,configs/selection_grid_20260115/selgrid_20260115_exit0p06_pv0p50_kpss0p03_h0p70_c0p35_hl0p001-100.yaml,planned,False,,,,,,,,
selgrid_20260115_exit0p06_pv0p50_kpss0p05_h0p60_c0p40_hl0p001-100,20260115_selgrid,artifacts/wfa/runs/20260115_selgrid/selgrid_20260115_exit0p06_pv0p50_kpss0p05_h0p60_c0p40_hl0p001-100,artifacts/wfa/runs/20260115_selgrid/selgrid_20260115_exit0p06_pv0p50_kpss0p05_h0p60_c0p40_hl0p001-100/strategy_metrics.csv,,unknown,True,0.27697302662393686,157.42060935604968,-85.16032832342898,3457.0,142.0,31.243996,-11.999271,1.0238861
selgrid_20260115_exit0p06_pv0p50_kpss0p05_h0p60_c0p40_hl0p01-60,20260115_selgrid,artifacts/wfa/runs/20260115_selgrid/selgrid_20260115_exit0p06_pv0p50_kpss0p05_h0p60_c0p40_hl0p01-60,,configs/selection_grid_20260115/selgrid_20260115_exit0p06_pv0p50_kpss0p05_h0p60_c0p40_hl0p01-60.yaml,planned,False,,,,,,,,
selgrid_20260115_exit0p06_pv0p50_kpss0p05_h0p65_c0p35_hl0p01-60,20260115_selgrid,artifacts/wfa/runs/20260115_selgrid/selgrid_20260115_exit0p06_pv0p50_kpss0p05_h0p65_c0p35_hl0p01-60,,configs/selection_grid_20260115/selgrid_20260115_exit0p06_pv0p50_kpss0p05_h0p65_c0p35_hl0p01-60.yaml,planned,False,,,,,,,,
selgrid_20260115_exit0p06_pv0p50_kpss0p05_h0p65_c0p40_hl0p001-100,20260115_selgrid,artifacts/wfa/runs/20260115_selgrid/selgrid_20260115_exit0p06_pv0p50_kpss0p05_h0p65_c0p40_hl0p001-100,artifacts/wfa/runs/20260115_selgrid/selgrid_20260115_exit0p06_pv0p50_kpss0p05_h0p65_c0p40_hl0p001-100/strategy_metrics.csv,,unknown,True,0.28329610252749765,185.59489094410674,-86.9823438799358,4005.0,166.0,31.243996,-12.68115,0.949231
selgrid_20260115_exit0p06_pv0p50_kpss0p05_h0p70_c0p40_hl0p001-100,20260115_selgrid,artifacts/wfa/runs/20260115_selgrid/selgrid_20260115_exit0p06_pv0p50_kpss0p05_h0p70_c0p40_hl0p001-100,artifacts/wfa/runs/20260115_selgrid/selgrid_20260115_exit0p06_pv0p50_kpss0p05_h0p70_c0p40_hl0p001-100/strategy_metrics.csv,,unknown,True,0.2916378768426878,209.34538990914007,-103.63591160532087,4429.0,179.0,31.243996,-12.68115,0.9609212
selgrid_20260115_exit0p06_pv0p50_kpss0p05_h0p70_c0p40_hl0p01-60,20260115_selgrid,artifacts/wfa/runs/20260115_selgrid/selgrid_20260115_exit0p06_pv0p50_kpss0p05_h0p70_c0p40_hl0p01-60,,configs/selection_grid_20260115/selgrid_20260115_exit0p06_pv0p50_kpss0p05_h0p70_c0p40_hl0p01-60.yaml,planned,False,,,,,,,,
selgrid_20260115_exit0p06_pv0p50_kpss0p07_h0p60_c0p35_hl0p001-100,20260115_selgrid,artifacts/wfa/runs/20260115_selgrid/selgrid_20260115_exit0p06_pv0p50_kpss0p07_h0p60_c0p35_hl0p001-100,,configs/selection_grid_20260115/selgrid_20260115_exit0p06_pv0p50_kpss0p07_h0p60_c0p35_hl0p001-100.yaml,planned,False,,,,,,,,
selgrid_20260115_exit0p06_pv0p50_kpss0p07_h0p65_c0p40_hl0p001-100,20260115_selgrid,artifacts/wfa/runs/20260115_selgrid/selgrid_20260115_exit0p06_pv0p50_kpss0p07_h0p65_c0p40_hl0p001-100,,configs/selection_grid_20260115/selgrid_20260115_exit0p06_pv0p50_kpss0p07_h0p65_c0p40_hl0p001-100.yaml,planned,False,,,,,,,,
selgrid_20260115_exit0p06_pv0p50_kpss0p07_h0p70_c0p35_hl0p001-100,20260115_selgrid,artifacts/wfa/runs/20260115_selgrid/selgrid_20260115_exit0p06_pv0p50_kpss0p07_h0p70_c0p35_hl0p001-100,,configs/selection_grid_20260115/selgrid_20260115_exit0p06_pv0p50_kpss0p07_h0p70_c0p35_hl0p001-100.yaml,planned,False,,,,,,,,
selgrid_20260115_strictpv_exit0p06_pv0p05_kpss0p05_h0p55_c0p45_hl0p01-60,20260115_selgrid_strictpv,artifacts/wfa/runs/20260115_selgrid_strictpv/selgrid_20260115_strictpv_exit0p06_pv0p05_kpss0p05_h0p55_c0p45_hl0p01-60,artifacts/wfa/runs/20260115_selgrid_strictpv/selgrid_20260115_strictpv_exit0p06_pv0p05_kpss0p05_h0p55_c0p45_hl0p01-60/strategy_metrics.csv,configs/selection_grid_20260115_strictpv/selgrid_20260115_strictpv_exit0p06_pv0p05_kpss0p05_h0p55_c0p45_hl0p01-60.yaml,completed,True,0.3775976933016614,108.97025706639397,-29.665982948616147,1045.0,44.0,15.467601,-11.999271,2.4765968
selgrid_20260115_strictpv_exit0p06_pv0p05_kpss0p05_h0p55_c0p45_hl0p05-60,20260115_selgrid_strictpv,artifacts/wfa/runs/20260115_selgrid_strictpv/selgrid_20260115_strictpv_exit0p06_pv0p05_kpss0p05_h0p55_c0p45_hl0p05-60,artifacts/wfa/runs/20260115_selgrid_strictpv/selgrid_20260115_strictpv_exit0p06_pv0p05_kpss0p05_h0p55_c0p45_hl0p05-60/strategy_metrics.csv,configs/selection_grid_20260115_strictpv/selgrid_20260115_strictpv_exit0p06_pv0p05_kpss0p05_h0p55_c0p45_hl0p05-60.yaml,completed,True,0.3104424307189648,87.39419117663056,-29.665982948616147,864.0,38.0,15.467601,-11.999271,2.299847
selgrid_20260115_strictpv_exit0p06_pv0p05_kpss0p05_h0p55_c0p50_hl0p01-60,20260115_selgrid_strictpv,artifacts/wfa/runs/20260115_selgrid_strictpv/selgrid_20260115_strictpv_exit0p06_pv0p05_kpss0p05_h0p55_c0p50_hl0p01-60,artifacts/wfa/runs/20260115_selgrid_strictpv/selgrid_20260115_strictpv_exit0p06_pv0p05_kpss0p05_h0p55_c0p50_hl0p01-60/strategy_metrics.csv,configs/selection_grid_20260115_strictpv/selgrid_20260115_strictpv_exit0p06_pv0p05_kpss0p05_h0p55_c0p50_hl0p01-60.yaml,completed,True,0.3775976933016614,108.97025706639397,-29.665982948616147,1045.0,44.0,15.467601,-11.999271,2.4765968
selgrid_20260115_strictpv_exit0p06_pv0p05_kpss0p05_h0p55_c0p50_hl0p05-60,20260115_selgrid_strictpv,artifacts/wfa/runs/20260115_selgrid_strictpv/selgrid_20260115_strictpv_exit0p06_pv0p05_kpss0p05_h0p55_c0p50_hl0p05-60,,configs/selection_grid_20260115_strictpv/selgrid_20260115_strictpv_exit0p06_pv0p05_kpss0p05_h0p55_c0p50_hl0p05-60.yaml,planned,False,,,,,,,,
selgrid_20260115_strictpv_exit0p06_pv0p05_kpss0p05_h0p60_c0p45_hl0p01-60,20260115_selgrid_strictpv,artifacts/wfa/runs/20260115_selgrid_strictpv/selgrid_20260115_strictpv_exit0p06_pv0p05_kpss0p05_h0p60_c0p45_hl0p01-60,,configs/selection_grid_20260115_strictpv/selgrid_20260115_strictpv_exit0p06_pv0p05_kpss0p05_h0p60_c0p45_hl0p01-60.yaml,planned,False,,,,,,,,
selgrid_20260115_strictpv_exit0p06_pv0p05_kpss0p05_h0p60_c0p45_hl0p05-60,20260115_selgrid_strictpv,artifacts/wfa/runs/20260115_selgrid_strictpv/selgrid_20260115_strictpv_exit0p06_pv0p05_kpss0p05_h0p60_c0p45_hl0p05-60,,configs/selection_grid_20260115_strictpv/selgrid_20260115_strictpv_exit0p06_pv0p05_kpss0p05_h0p60_c0p45_hl0p05-60.yaml,planned,False,,,,,,,,
selgrid_20260115_strictpv_exit0p06_pv0p05_kpss0p05_h0p60_c0p50_hl0p01-60,20260115_selgrid_strictpv,artifacts/wfa/runs/20260115_selgrid_strictpv/selgrid_20260115_strictpv_exit0p06_pv0p05_kpss0p05_h0p60_c0p50_hl0p01-60,,configs/selection_grid_20260115_strictpv/selgrid_20260115_strictpv_exit0p06_pv0p05_kpss0p05_h0p60_c0p50_hl0p01-60.yaml,planned,False,,,,,,,,
selgrid_20260115_strictpv_exit0p06_pv0p05_kpss0p05_h0p60_c0p50_hl0p05-60,20260115_selgrid_strictpv,artifacts/wfa/runs/20260115_selgrid_strictpv/selgrid_20260115_strictpv_exit0p06_pv0p05_kpss0p05_h0p60_c0p50_hl0p05-60,,configs/selection_grid_20260115_strictpv/selgrid_20260115_strictpv_exit0p06_pv0p05_kpss0p05_h0p60_c0p50_hl0p05-60.yaml,planned,False,,,,,,,,
selgrid_20260115_strictpv_exit0p06_pv0p05_kpss0p10_h0p55_c0p45_hl0p01-60,20260115_selgrid_strictpv,artifacts/wfa/runs/20260115_selgrid_strictpv/selgrid_20260115_strictpv_exit0p06_pv0p05_kpss0p10_h0p55_c0p45_hl0p01-60,,configs/selection_grid_20260115_strictpv/selgrid_20260115_strictpv_exit0p06_pv0p05_kpss0p10_h0p55_c0p45_hl0p01-60.yaml,planned,False,,,,,,,,
selgrid_20260115_strictpv_exit0p06_pv0p05_kpss0p10_h0p55_c0p45_hl0p05-60,20260115_selgrid_strictpv,artifacts/wfa/runs/20260115_selgrid_strictpv/selgrid_20260115_strictpv_exit0p06_pv0p05_kpss0p10_h0p55_c0p45_hl0p05-60,,configs/selection_grid_20260115_strictpv/selgrid_20260115_strictpv_exit0p06_pv0p05_kpss0p10_h0p55_c0p45_hl0p05-60.yaml,planned,False,,,,,,,,
selgrid_20260115_strictpv_exit0p06_pv0p05_kpss0p10_h0p55_c0p50_hl0p01-60,20260115_selgrid_strictpv,artifacts/wfa/runs/20260115_selgrid_strictpv/selgrid_20260115_strictpv_exit0p06_pv0p05_kpss0p10_h0p55_c0p50_hl0p01-60,,configs/selection_grid_20260115_strictpv/selgrid_20260115_strictpv_exit0p06_pv0p05_kpss0p10_h0p55_c0p50_hl0p01-60.yaml,planned,False,,,,,,,,
selgrid_20260115_strictpv_exit0p06_pv0p05_kpss0p10_h0p55_c0p50_hl0p05-60,20260115_selgrid_strictpv,artifacts/wfa/runs/20260115_selgrid_strictpv/selgrid_20260115_strictpv_exit0p06_pv0p05_kpss0p10_h0p55_c0p50_hl0p05-60,,configs/selection_grid_20260115_strictpv/selgrid_20260115_strictpv_exit0p06_pv0p05_kpss0p10_h0p55_c0p50_hl0p05-60.yaml,planned,False,,,,,,,,
selgrid_20260115_strictpv_exit0p06_pv0p05_kpss0p10_h0p60_c0p45_hl0p01-60,20260115_selgrid_strictpv,artifacts/wfa/runs/20260115_selgrid_strictpv/selgrid_20260115_strictpv_exit0p06_pv0p05_kpss0p10_h0p60_c0p45_hl0p01-60,,configs/selection_grid_20260115_strictpv/selgrid_20260115_strictpv_exit0p06_pv0p05_kpss0p10_h0p60_c0p45_hl0p01-60.yaml,planned,False,,,,,,,,
selgrid_20260115_strictpv_exit0p06_pv0p05_kpss0p10_h0p60_c0p45_hl0p05-60,20260115_selgrid_strictpv,artifacts/wfa/runs/20260115_selgrid_strictpv/selgrid_20260115_strictpv_exit0p06_pv0p05_kpss0p10_h0p60_c0p45_hl0p05-60,,configs/selection_grid_20260115_strictpv/selgrid_20260115_strictpv_exit0p06_pv0p05_kpss0p10_h0p60_c0p45_hl0p05-60.yaml,planned,False,,,,,,,,
selgrid_20260115_strictpv_exit0p06_pv0p05_kpss0p10_h0p60_c0p50_hl0p01-60,20260115_selgrid_strictpv,artifacts/wfa/runs/20260115_selgrid_strictpv/selgrid_20260115_strictpv_exit0p06_pv0p05_kpss0p10_h0p60_c0p50_hl0p01-60,,configs/selection_grid_20260115_strictpv/selgrid_20260115_strictpv_exit0p06_pv0p05_kpss0p10_h0p60_c0p50_hl0p01-60.yaml,planned,False,,,,,,,,
selgrid_20260115_strictpv_exit0p06_pv0p05_kpss0p10_h0p60_c0p50_hl0p05-60,20260115_selgrid_strictpv,artifacts/wfa/runs/20260115_selgrid_strictpv/selgrid_20260115_strictpv_exit0p06_pv0p05_kpss0p10_h0p60_c0p50_hl0p05-60,,configs/selection_grid_20260115_strictpv/selgrid_20260115_strictpv_exit0p06_pv0p05_kpss0p10_h0p60_c0p50_hl0p05-60.yaml,planned,False,,,,,,,,
selgrid_20260115_strictpv_exit0p06_pv0p10_kpss0p05_h0p55_c0p45_hl0p01-60,20260115_selgrid_strictpv,artifacts/wfa/runs/20260115_selgrid_strictpv/selgrid_20260115_strictpv_exit0p06_pv0p10_kpss0p05_h0p55_c0p45_hl0p01-60,,configs/selection_grid_20260115_strictpv/selgrid_20260115_strictpv_exit0p06_pv0p10_kpss0p05_h0p55_c0p45_hl0p01-60.yaml,planned,False,,,,,,,,
selgrid_20260115_strictpv_exit0p06_pv0p10_kpss0p05_h0p55_c0p45_hl0p05-60,20260115_selgrid_strictpv,artifacts/wfa/runs/20260115_selgrid_strictpv/selgrid_20260115_strictpv_exit0p06_pv0p10_kpss0p05_h0p55_c0p45_hl0p05-60,,configs/selection_grid_20260115_strictpv/selgrid_20260115_strictpv_exit0p06_pv0p10_kpss0p05_h0p55_c0p45_hl0p05-60.yaml,planned,False,,,,,,,,
selgrid_20260115_strictpv_exit0p06_pv0p10_kpss0p05_h0p55_c0p50_hl0p01-60,20260115_selgrid_strictpv,artifacts/wfa/runs/20260115_selgrid_strictpv/selgrid_20260115_strictpv_exit0p06_pv0p10_kpss0p05_h0p55_c0p50_hl0p01-60,,configs/selection_grid_20260115_strictpv/selgrid_20260115_strictpv_exit0p06_pv0p10_kpss0p05_h0p55_c0p50_hl0p01-60.yaml,planned,False,,,,,,,,
selgrid_20260115_strictpv_exit0p06_pv0p10_kpss0p05_h0p55_c0p50_hl0p05-60,20260115_selgrid_strictpv,artifacts/wfa/runs/20260115_selgrid_strictpv/selgrid_20260115_strictpv_exit0p06_pv0p10_kpss0p05_h0p55_c0p50_hl0p05-60,,configs/selection_grid_20260115_strictpv/selgrid_20260115_strictpv_exit0p06_pv0p10_kpss0p05_h0p55_c0p50_hl0p05-60.yaml,planned,False,,,,,,,,
selgrid_20260115_strictpv_exit0p06_pv0p10_kpss0p05_h0p60_c0p45_hl0p01-60,20260115_selgrid_strictpv,artifacts/wfa/runs/20260115_selgrid_strictpv/selgrid_20260115_strictpv_exit0p06_pv0p10_kpss0p05_h0p60_c0p45_hl0p01-60,,configs/selection_grid_20260115_strictpv/selgrid_20260115_strictpv_exit0p06_pv0p10_kpss0p05_h0p60_c0p45_hl0p01-60.yaml,planned,False,,,,,,,,
selgrid_20260115_strictpv_exit0p06_pv0p10_kpss0p05_h0p60_c0p45_hl0p05-60,20260115_selgrid_strictpv,artifacts/wfa/runs/20260115_selgrid_strictpv/selgrid_20260115_strictpv_exit0p06_pv0p10_kpss0p05_h0p60_c0p45_hl0p05-60,,configs/selection_grid_20260115_strictpv/selgrid_20260115_strictpv_exit0p06_pv0p10_kpss0p05_h0p60_c0p45_hl0p05-60.yaml,planned,False,,,,,,,,
selgrid_20260115_strictpv_exit0p06_pv0p10_kpss0p05_h0p60_c0p50_hl0p01-60,20260115_selgrid_strictpv,artifacts/wfa/runs/20260115_selgrid_strictpv/selgrid_20260115_strictpv_exit0p06_pv0p10_kpss0p05_h0p60_c0p50_hl0p01-60,,configs/selection_grid_20260115_strictpv/selgrid_20260115_strictpv_exit0p06_pv0p10_kpss0p05_h0p60_c0p50_hl0p01-60.yaml,planned,False,,,,,,,,
selgrid_20260115_strictpv_exit0p06_pv0p10_kpss0p05_h0p60_c0p50_hl0p05-60,20260115_selgrid_strictpv,artifacts/wfa/runs/20260115_selgrid_strictpv/selgrid_20260115_strictpv_exit0p06_pv0p10_kpss0p05_h0p60_c0p50_hl0p05-60,,configs/selection_grid_20260115_strictpv/selgrid_20260115_strictpv_exit0p06_pv0p10_kpss0p05_h0p60_c0p50_hl0p05-60.yaml,planned,False,,,,,,,,
selgrid_20260115_strictpv_exit0p06_pv0p10_kpss0p10_h0p55_c0p45_hl0p01-60,20260115_selgrid_strictpv,artifacts/wfa/runs/20260115_selgrid_strictpv/selgrid_20260115_strictpv_exit0p06_pv0p10_kpss0p10_h0p55_c0p45_hl0p01-60,,configs/selection_grid_20260115_strictpv/selgrid_20260115_strictpv_exit0p06_pv0p10_kpss0p10_h0p55_c0p45_hl0p01-60.yaml,planned,False,,,,,,,,
selgrid_20260115_strictpv_exit0p06_pv0p10_kpss0p10_h0p55_c0p45_hl0p05-60,20260115_selgrid_strictpv,artifacts/wfa/runs/20260115_selgrid_strictpv/selgrid_20260115_strictpv_exit0p06_pv0p10_kpss0p10_h0p55_c0p45_hl0p05-60,,configs/selection_grid_20260115_strictpv/selgrid_20260115_strictpv_exit0p06_pv0p10_kpss0p10_h0p55_c0p45_hl0p05-60.yaml,planned,False,,,,,,,,
selgrid_20260115_strictpv_exit0p06_pv0p10_kpss0p10_h0p55_c0p50_hl0p01-60,20260115_selgrid_strictpv,artifacts/wfa/runs/20260115_selgrid_strictpv/selgrid_20260115_strictpv_exit0p06_pv0p10_kpss0p10_h0p55_c0p50_hl0p01-60,,configs/selection_grid_20260115_strictpv/selgrid_20260115_strictpv_exit0p06_pv0p10_kpss0p10_h0p55_c0p50_hl0p01-60.yaml,planned,False,,,,,,,,
selgrid_20260115_strictpv_exit0p06_pv0p10_kpss0p10_h0p55_c0p50_hl0p05-60,20260115_selgrid_strictpv,artifacts/wfa/runs/20260115_selgrid_strictpv/selgrid_20260115_strictpv_exit0p06_pv0p10_kpss0p10_h0p55_c0p50_hl0p05-60,,configs/selection_grid_20260115_strictpv/selgrid_20260115_strictpv_exit0p06_pv0p10_kpss0p10_h0p55_c0p50_hl0p05-60.yaml,planned,False,,,,,,,,
selgrid_20260115_strictpv_exit0p06_pv0p10_kpss0p10_h0p60_c0p45_hl0p01-60,20260115_selgrid_strictpv,artifacts/wfa/runs/20260115_selgrid_strictpv/selgrid_20260115_strictpv_exit0p06_pv0p10_kpss0p10_h0p60_c0p45_hl0p01-60,,configs/selection_grid_20260115_strictpv/selgrid_20260115_strictpv_exit0p06_pv0p10_kpss0p10_h0p60_c0p45_hl0p01-60.yaml,planned,False,,,,,,,,
selgrid_20260115_strictpv_exit0p06_pv0p10_kpss0p10_h0p60_c0p45_hl0p05-60,20260115_selgrid_strictpv,artifacts/wfa/runs/20260115_selgrid_strictpv/selgrid_20260115_strictpv_exit0p06_pv0p10_kpss0p10_h0p60_c0p45_hl0p05-60,,configs/selection_grid_20260115_strictpv/selgrid_20260115_strictpv_exit0p06_pv0p10_kpss0p10_h0p60_c0p45_hl0p05-60.yaml,planned,False,,,,,,,,
selgrid_20260115_strictpv_exit0p06_pv0p10_kpss0p10_h0p60_c0p50_hl0p01-60,20260115_selgrid_strictpv,artifacts/wfa/runs/20260115_selgrid_strictpv/selgrid_20260115_strictpv_exit0p06_pv0p10_kpss0p10_h0p60_c0p50_hl0p01-60,,configs/selection_grid_20260115_strictpv/selgrid_20260115_strictpv_exit0p06_pv0p10_kpss0p10_h0p60_c0p50_hl0p01-60.yaml,planned,False,,,,,,,,
selgrid_20260115_strictpv_exit0p06_pv0p10_kpss0p10_h0p60_c0p50_hl0p05-60,20260115_selgrid_strictpv,artifacts/wfa/runs/20260115_selgrid_strictpv/selgrid_20260115_strictpv_exit0p06_pv0p10_kpss0p10_h0p60_c0p50_hl0p05-60,,configs/selection_grid_20260115_strictpv/selgrid_20260115_strictpv_exit0p06_pv0p10_kpss0p10_h0p60_c0p50_hl0p05-60.yaml,planned,False,,,,,,,,
20260115_sharpe_target_strict_z1p2,20260115_sharpe_target_strict_z1p2,artifacts/wfa/runs/20260115_sharpe_target_strict_z1p2,artifacts/wfa/runs/20260115_sharpe_target_strict_z1p2/strategy_metrics.csv,,unknown,True,-0.12885073821149046,-20.03598869117559,-48.84716686489992,207.0,44.0,3.1744452,-12.182425,-0.46227282
20260115_sharpe_target_strict_z1p4,20260115_sharpe_target_strict_z1p4,artifacts/wfa/runs/20260115_sharpe_target_strict_z1p4,artifacts/wfa/runs/20260115_sharpe_target_strict_z1p4/strategy_metrics.csv,,unknown,True,-0.03462161096817364,-4.6707064796064515,-25.64533393783495,118.0,44.0,4.922435,-14.278415,-0.14973782
ssd_topn_20260115_exit0p06_pv0p4_kpss0p05_h0p65_c0p4_hl0p001-100_ssd10000,20260115_ssd_topn_sweep,artifacts/wfa/runs/20260115_ssd_topn_sweep/ssd_topn_20260115_exit0p06_pv0p4_kpss0p05_h0p65_c0p4_hl0p001-100_ssd10000,artifacts/wfa/runs/20260115_ssd_topn_sweep/ssd_topn_20260115_exit0p06_pv0p4_kpss0p05_h0p65_c0p4_hl0p001-100_ssd10000/strategy_metrics.csv,configs/ssd_topn_sweep_20260115/ssd_topn_20260115_exit0p06_pv0p4_kpss0p05_h0p65_c0p4_hl0p001-100_ssd10000.yaml,completed,True,0.49979882267038706,489.6297555890196,-111.53342446003808,5898.0,249.0,100.184685,-53.711174,1.7708454
ssd_topn_20260115_exit0p06_pv0p4_kpss0p05_h0p65_c0p4_hl0p001-100_ssd100000,20260115_ssd_topn_sweep,artifacts/wfa/runs/20260115_ssd_topn_sweep/ssd_topn_20260115_exit0p06_pv0p4_kpss0p05_h0p65_c0p4_hl0p001-100_ssd100000,,configs/ssd_topn_sweep_20260115/ssd_topn_20260115_exit0p06_pv0p4_kpss0p05_h0p65_c0p4_hl0p001-100_ssd100000.yaml,running,False,,,,,,,,
ssd_topn_20260115_exit0p06_pv0p4_kpss0p05_h0p65_c0p4_hl0p001-100_ssd200000,20260115_ssd_topn_sweep,artifacts/wfa/runs/20260115_ssd_topn_sweep/ssd_topn_20260115_exit0p06_pv0p4_kpss0p05_h0p65_c0p4_hl0p001-100_ssd200000,,configs/ssd_topn_sweep_20260115/ssd_topn_20260115_exit0p06_pv0p4_kpss0p05_h0p65_c0p4_hl0p001-100_ssd200000.yaml,running,False,,,,,,,,
ssd_topn_20260115_exit0p06_pv0p4_kpss0p05_h0p65_c0p4_hl0p001-100_ssd25000,20260115_ssd_topn_sweep,artifacts/wfa/runs/20260115_ssd_topn_sweep/ssd_topn_20260115_exit0p06_pv0p4_kpss0p05_h0p65_c0p4_hl0p001-100_ssd25000,artifacts/wfa/runs/20260115_ssd_topn_sweep/ssd_topn_20260115_exit0p06_pv0p4_kpss0p05_h0p65_c0p4_hl0p001-100_ssd25000/strategy_metrics.csv,configs/ssd_topn_sweep_20260115/ssd_topn_20260115_exit0p06_pv0p4_kpss0p05_h0p65_c0p4_hl0p001-100_ssd25000.yaml,completed,True,0.6502061655081971,1205.9403744055599,-199.3069349406287,11041.0,520.0,100.18468475341797,-72.31053161621094,2.179903200733006
ssd_topn_20260115_exit0p06_pv0p4_kpss0p05_h0p65_c0p4_hl0p001-100_ssd5000,20260115_ssd_topn_sweep,artifacts/wfa/runs/20260115_ssd_topn_sweep/ssd_topn_20260115_exit0p06_pv0p4_kpss0p05_h0p65_c0p4_hl0p001-100_ssd5000,artifacts/wfa/runs/20260115_ssd_topn_sweep/ssd_topn_20260115_exit0p06_pv0p4_kpss0p05_h0p65_c0p4_hl0p001-100_ssd5000/strategy_metrics.csv,configs/ssd_topn_sweep_20260115/ssd_topn_20260115_exit0p06_pv0p4_kpss0p05_h0p65_c0p4_hl0p001-100_ssd5000.yaml,completed,True,0.2904549901652444,182.31011454897816,-81.50394513848005,3768.0,157.0,31.243996,-12.68115,1.0005587
ssd_topn_20260115_exit0p06_pv0p4_kpss0p05_h0p65_c0p4_hl0p001-100_ssd50000,20260115_ssd_topn_sweep,artifacts/wfa/runs/20260115_ssd_topn_sweep/ssd_topn_20260115_exit0p06_pv0p4_kpss0p05_h0p65_c0p4_hl0p001-100_ssd50000,,configs/ssd_topn_sweep_20260115/ssd_topn_20260115_exit0p06_pv0p4_kpss0p05_h0p65_c0p4_hl0p001-100_ssd50000.yaml,running,False,,,,,,,,
ssd_topn_20260115_exit0p06_pv0p4_kpss0p05_h0p65_c0p4_hl0p001-100_ssd30000,20260115_ssd_topn_sweep_3vals,artifacts/wfa/runs/20260115_ssd_topn_sweep_3vals/ssd_topn_20260115_exit0p06_pv0p4_kpss0p05_h0p65_c0p4_hl0p001-100_ssd30000,artifacts/wfa/runs/20260115_ssd_topn_sweep_3vals/ssd_topn_20260115_exit0p06_pv0p4_kpss0p05_h0p65_c0p4_hl0p001-100_ssd30000/strategy_metrics.csv,configs/ssd_topn_sweep_20260115_3vals/ssd_topn_20260115_exit0p06_pv0p4_kpss0p05_h0p65_c0p4_hl0p001-100_ssd30000.yaml,completed,True,0.5348324463225779,1154.7278114300352,-201.9365162512986,12419.0,605.0,100.18468475341797,-134.57672119140625,1.861281712545522
ssd_topn_20260115_exit0p06_pv0p4_kpss0p05_h0p65_c0p4_hl0p001-100_ssd40000,20260115_ssd_topn_sweep_3vals,artifacts/wfa/runs/20260115_ssd_topn_sweep_3vals/ssd_topn_20260115_exit0p06_pv0p4_kpss0p05_h0p65_c0p4_hl0p001-100_ssd40000,,configs/ssd_topn_sweep_20260115_3vals/ssd_topn_20260115_exit0p06_pv0p4_kpss0p05_h0p65_c0p4_hl0p001-100_ssd40000.yaml,stalled,False,,,,,,,,
ssd_topn_20260115_exit0p06_pv0p4_kpss0p05_h0p65_c0p4_hl0p001-100_ssd50000,20260115_ssd_topn_sweep_3vals,artifacts/wfa/runs/20260115_ssd_topn_sweep_3vals/ssd_topn_20260115_exit0p06_pv0p4_kpss0p05_h0p65_c0p4_hl0p001-100_ssd50000,,configs/ssd_topn_sweep_20260115_3vals/ssd_topn_20260115_exit0p06_pv0p4_kpss0p05_h0p65_c0p4_hl0p001-100_ssd50000.yaml,planned,False,,,,,,,,
ssd_topn_20260115_exit0p06_pv0p4_kpss0p05_h0p65_c0p4_hl0p001-100_ssd10000,20260115_ssd_topn_sweep_4vals,artifacts/wfa/runs/20260115_ssd_topn_sweep_4vals/ssd_topn_20260115_exit0p06_pv0p4_kpss0p05_h0p65_c0p4_hl0p001-100_ssd10000,artifacts/wfa/runs/20260115_ssd_topn_sweep_4vals/ssd_topn_20260115_exit0p06_pv0p4_kpss0p05_h0p65_c0p4_hl0p001-100_ssd10000/strategy_metrics.csv,configs/ssd_topn_sweep_20260115_4vals/ssd_topn_20260115_exit0p06_pv0p4_kpss0p05_h0p65_c0p4_hl0p001-100_ssd10000.yaml,completed,True,0.49979882267038706,489.6297555890196,-111.53342446003808,5898.0,249.0,100.184685,-53.711174,1.7708454
ssd_topn_20260115_exit0p06_pv0p4_kpss0p05_h0p65_c0p4_hl0p001-100_ssd15000,20260115_ssd_topn_sweep_4vals,artifacts/wfa/runs/20260115_ssd_topn_sweep_4vals/ssd_topn_20260115_exit0p06_pv0p4_kpss0p05_h0p65_c0p4_hl0p001-100_ssd15000,artifacts/wfa/runs/20260115_ssd_topn_sweep_4vals/ssd_topn_20260115_exit0p06_pv0p4_kpss0p05_h0p65_c0p4_hl0p001-100_ssd15000/strategy_metrics.csv,configs/ssd_topn_sweep_20260115_4vals/ssd_topn_20260115_exit0p06_pv0p4_kpss0p05_h0p65_c0p4_hl0p001-100_ssd15000.yaml,completed,True,0.53924762965825,614.2136903904611,-175.185534232005,8033.0,348.0,100.18468475341797,-53.71117401123047,1.6233664370355243
ssd_topn_20260115_exit0p06_pv0p4_kpss0p05_h0p65_c0p4_hl0p001-100_ssd25000,20260115_ssd_topn_sweep_4vals,artifacts/wfa/runs/20260115_ssd_topn_sweep_4vals/ssd_topn_20260115_exit0p06_pv0p4_kpss0p05_h0p65_c0p4_hl0p001-100_ssd25000,artifacts/wfa/runs/20260115_ssd_topn_sweep_4vals/ssd_topn_20260115_exit0p06_pv0p4_kpss0p05_h0p65_c0p4_hl0p001-100_ssd25000/strategy_metrics.csv,configs/ssd_topn_sweep_20260115_4vals/ssd_topn_20260115_exit0p06_pv0p4_kpss0p05_h0p65_c0p4_hl0p001-100_ssd25000.yaml,completed,True,0.6502061655081971,1205.9403744055599,-199.3069349406287,11041.0,520.0,100.18468475341797,-72.31053161621094,2.179903200733006
ssd_topn_20260115_exit0p06_pv0p4_kpss0p05_h0p65_c0p4_hl0p001-100_ssd5000,20260115_ssd_topn_sweep_4vals,artifacts/wfa/runs/20260115_ssd_topn_sweep_4vals/ssd_topn_20260115_exit0p06_pv0p4_kpss0p05_h0p65_c0p4_hl0p001-100_ssd5000,artifacts/wfa/runs/20260115_ssd_topn_sweep_4vals/ssd_topn_20260115_exit0p06_pv0p4_kpss0p05_h0p65_c0p4_hl0p001-100_ssd5000/strategy_metrics.csv,configs/ssd_topn_sweep_20260115_4vals/ssd_topn_20260115_exit0p06_pv0p4_kpss0p05_h0p65_c0p4_hl0p001-100_ssd5000.yaml,completed,True,0.2904549901652444,182.31011454897816,-81.50394513848005,3768.0,157.0,31.243996,-12.68115,1.0005586
leader_validate_20260116_exit0p06_pv0p4_kpss0p05_h0p65_c0p4_hl0p001-100_ssd25000,20260116_leader_validation,artifacts/wfa/runs/20260116_leader_validation/leader_validate_20260116_exit0p06_pv0p4_kpss0p05_h0p65_c0p4_hl0p001-100_ssd25000,artifacts/wfa/runs/20260116_leader_validation/leader_validate_20260116_exit0p06_pv0p4_kpss0p05_h0p65_c0p4_hl0p001-100_ssd25000/strategy_metrics.csv,configs/leader_validation_20260116/leader_validate_20260116_exit0p06_pv0p4_kpss0p05_h0p65_c0p4_hl0p001-100_ssd25000.yaml,completed,True,0.5255078116451161,1388.7128864263323,-199.3069349406287,17096.0,775.0,100.18468475341797,-72.31053161621094,1.655487677922659
piogoga_grid_20260116_z0p75_exit0p05_ssd25000,20260116_piogoga_grid,artifacts/wfa/runs/20260116_piogoga_grid/piogoga_grid_20260116_z0p75_exit0p05_ssd25000,,configs/piogoga_grid_20260116/piogoga_grid_20260116_z0p75_exit0p05_ssd25000.yaml,running,False,,,,,,,,
piogoga_grid_20260116_z0p75_exit0p06_ssd25000,20260116_piogoga_grid,artifacts/wfa/runs/20260116_piogoga_grid/piogoga_grid_20260116_z0p75_exit0p06_ssd25000,,configs/piogoga_grid_20260116/piogoga_grid_20260116_z0p75_exit0p06_ssd25000.yaml,running,False,,,,,,,,
piogoga_grid_20260116_z0p75_exit0p07_ssd25000,20260116_piogoga_grid,artifacts/wfa/runs/20260116_piogoga_grid/piogoga_grid_20260116_z0p75_exit0p07_ssd25000,,configs/piogoga_grid_20260116/piogoga_grid_20260116_z0p75_exit0p07_ssd25000.yaml,running,False,,,,,,,,
piogoga_grid_20260116_z0p75_exit0p08_ssd25000,20260116_piogoga_grid,artifacts/wfa/runs/20260116_piogoga_grid/piogoga_grid_20260116_z0p75_exit0p08_ssd25000,,configs/piogoga_grid_20260116/piogoga_grid_20260116_z0p75_exit0p08_ssd25000.yaml,running,False,,,,,,,,
piogoga_grid_20260116_z0p85_exit0p05_ssd25000,20260116_piogoga_grid,artifacts/wfa/runs/20260116_piogoga_grid/piogoga_grid_20260116_z0p85_exit0p05_ssd25000,,configs/piogoga_grid_20260116/piogoga_grid_20260116_z0p85_exit0p05_ssd25000.yaml,running,False,,,,,,,,
piogoga_grid_20260116_z0p85_exit0p06_ssd25000,20260116_piogoga_grid,artifacts/wfa/runs/20260116_piogoga_grid/piogoga_grid_20260116_z0p85_exit0p06_ssd25000,,configs/piogoga_grid_20260116/piogoga_grid_20260116_z0p85_exit0p06_ssd25000.yaml,running,False,,,,,,,,
piogoga_grid_20260116_z0p85_exit0p07_ssd25000,20260116_piogoga_grid,artifacts/wfa/runs/20260116_piogoga_grid/piogoga_grid_20260116_z0p85_exit0p07_ssd25000,,configs/piogoga_grid_20260116/piogoga_grid_20260116_z0p85_exit0p07_ssd25000.yaml,running,False,,,,,,,,
piogoga_grid_20260116_z0p85_exit0p08_ssd25000,20260116_piogoga_grid,artifacts/wfa/runs/20260116_piogoga_grid/piogoga_grid_20260116_z0p85_exit0p08_ssd25000,,configs/piogoga_grid_20260116/piogoga_grid_20260116_z0p85_exit0p08_ssd25000.yaml,running,False,,,,,,,,
piogoga_grid_20260116_z0p8_exit0p05_ssd25000,20260116_piogoga_grid,artifacts/wfa/runs/20260116_piogoga_grid/piogoga_grid_20260116_z0p8_exit0p05_ssd25000,,configs/piogoga_grid_20260116/piogoga_grid_20260116_z0p8_exit0p05_ssd25000.yaml,running,False,,,,,,,,
piogoga_grid_20260116_z0p8_exit0p06_ssd25000,20260116_piogoga_grid,artifacts/wfa/runs/20260116_piogoga_grid/piogoga_grid_20260116_z0p8_exit0p06_ssd25000,,configs/piogoga_grid_20260116/piogoga_grid_20260116_z0p8_exit0p06_ssd25000.yaml,running,False,,,,,,,,
piogoga_grid_20260116_z0p8_exit0p07_ssd25000,20260116_piogoga_grid,artifacts/wfa/runs/20260116_piogoga_grid/piogoga_grid_20260116_z0p8_exit0p07_ssd25000,,configs/piogoga_grid_20260116/piogoga_grid_20260116_z0p8_exit0p07_ssd25000.yaml,running,False,,,,,,,,
piogoga_grid_20260116_z0p8_exit0p08_ssd25000,20260116_piogoga_grid,artifacts/wfa/runs/20260116_piogoga_grid/piogoga_grid_20260116_z0p8_exit0p08_ssd25000,,configs/piogoga_grid_20260116/piogoga_grid_20260116_z0p8_exit0p08_ssd25000.yaml,running,False,,,,,,,,
piogoga_grid_20260116_z0p9_exit0p05_ssd25000,20260116_piogoga_grid,artifacts/wfa/runs/20260116_piogoga_grid/piogoga_grid_20260116_z0p9_exit0p05_ssd25000,,configs/piogoga_grid_20260116/piogoga_grid_20260116_z0p9_exit0p05_ssd25000.yaml,running,False,,,,,,,,
piogoga_grid_20260116_z0p9_exit0p06_ssd25000,20260116_piogoga_grid,artifacts/wfa/runs/20260116_piogoga_grid/piogoga_grid_20260116_z0p9_exit0p06_ssd25000,,configs/piogoga_grid_20260116/piogoga_grid_20260116_z0p9_exit0p06_ssd25000.yaml,running,False,,,,,,,,
piogoga_grid_20260116_z0p9_exit0p07_ssd25000,20260116_piogoga_grid,artifacts/wfa/runs/20260116_piogoga_grid/piogoga_grid_20260116_z0p9_exit0p07_ssd25000,,configs/piogoga_grid_20260116/piogoga_grid_20260116_z0p9_exit0p07_ssd25000.yaml,running,False,,,,,,,,
piogoga_grid_20260116_z0p9_exit0p08_ssd25000,20260116_piogoga_grid,artifacts/wfa/runs/20260116_piogoga_grid/piogoga_grid_20260116_z0p9_exit0p08_ssd25000,,configs/piogoga_grid_20260116/piogoga_grid_20260116_z0p9_exit0p08_ssd25000.yaml,running,False,,,,,,,,
risk_sweep_20260116_combo,20260116_risk_sweep,artifacts/wfa/runs/20260116_risk_sweep/risk_sweep_20260116_combo,,configs/risk_sweep_20260116/risk_sweep_20260116_combo.yaml,planned,False,,,,,,,,
risk_sweep_20260116_cooldown4,20260116_risk_sweep,artifacts/wfa/runs/20260116_risk_sweep/risk_sweep_20260116_cooldown4,,configs/risk_sweep_20260116/risk_sweep_20260116_cooldown4.yaml,planned,False,,,,,,,,
risk_sweep_20260116_roll120,20260116_risk_sweep,artifacts/wfa/runs/20260116_risk_sweep/risk_sweep_20260116_roll120,,configs/risk_sweep_20260116/risk_sweep_20260116_roll120.yaml,planned,False,,,,,,,,
risk_sweep_20260116_stop2p5_time3p5,20260116_risk_sweep,artifacts/wfa/runs/20260116_risk_sweep/risk_sweep_20260116_stop2p5_time3p5,,configs/risk_sweep_20260116/risk_sweep_20260116_stop2p5_time3p5.yaml,planned,False,,,,,,,,
signal_grid_20260116_z0p75_exit0p04_ssd25000,20260116_signal_grid,artifacts/wfa/runs/20260116_signal_grid/signal_grid_20260116_z0p75_exit0p04_ssd25000,,configs/signal_grid_20260116/signal_grid_20260116_z0p75_exit0p04_ssd25000.yaml,running,False,,,,,,,,
signal_grid_20260116_z0p75_exit0p06_ssd25000,20260116_signal_grid,artifacts/wfa/runs/20260116_signal_grid/signal_grid_20260116_z0p75_exit0p06_ssd25000,,configs/signal_grid_20260116/signal_grid_20260116_z0p75_exit0p06_ssd25000.yaml,running,False,,,,,,,,
signal_grid_20260116_z0p75_exit0p08_ssd25000,20260116_signal_grid,artifacts/wfa/runs/20260116_signal_grid/signal_grid_20260116_z0p75_exit0p08_ssd25000,,configs/signal_grid_20260116/signal_grid_20260116_z0p75_exit0p08_ssd25000.yaml,running,False,,,,,,,,
signal_grid_20260116_z0p75_exit0p1_ssd25000,20260116_signal_grid,artifacts/wfa/runs/20260116_signal_grid/signal_grid_20260116_z0p75_exit0p1_ssd25000,,configs/signal_grid_20260116/signal_grid_20260116_z0p75_exit0p1_ssd25000.yaml,running,False,,,,,,,,
signal_grid_20260116_z0p85_exit0p04_ssd25000,20260116_signal_grid,artifacts/wfa/runs/20260116_signal_grid/signal_grid_20260116_z0p85_exit0p04_ssd25000,,configs/signal_grid_20260116/signal_grid_20260116_z0p85_exit0p04_ssd25000.yaml,running,False,,,,,,,,
signal_grid_20260116_z0p85_exit0p06_ssd25000,20260116_signal_grid,artifacts/wfa/runs/20260116_signal_grid/signal_grid_20260116_z0p85_exit0p06_ssd25000,,configs/signal_grid_20260116/signal_grid_20260116_z0p85_exit0p06_ssd25000.yaml,running,False,,,,,,,,
signal_grid_20260116_z0p85_exit0p08_ssd25000,20260116_signal_grid,artifacts/wfa/runs/20260116_signal_grid/signal_grid_20260116_z0p85_exit0p08_ssd25000,,configs/signal_grid_20260116/signal_grid_20260116_z0p85_exit0p08_ssd25000.yaml,running,False,,,,,,,,
signal_grid_20260116_z0p85_exit0p1_ssd25000,20260116_signal_grid,artifacts/wfa/runs/20260116_signal_grid/signal_grid_20260116_z0p85_exit0p1_ssd25000,,configs/signal_grid_20260116/signal_grid_20260116_z0p85_exit0p1_ssd25000.yaml,running,False,,,,,,,,
signal_grid_20260116_z0p8_exit0p04_ssd25000,20260116_signal_grid,artifacts/wfa/runs/20260116_signal_grid/signal_grid_20260116_z0p8_exit0p04_ssd25000,,configs/signal_grid_20260116/signal_grid_20260116_z0p8_exit0p04_ssd25000.yaml,running,False,,,,,,,,
signal_grid_20260116_z0p8_exit0p06_ssd25000,20260116_signal_grid,artifacts/wfa/runs/20260116_signal_grid/signal_grid_20260116_z0p8_exit0p06_ssd25000,,configs/signal_grid_20260116/signal_grid_20260116_z0p8_exit0p06_ssd25000.yaml,running,False,,,,,,,,
signal_grid_20260116_z0p8_exit0p08_ssd25000,20260116_signal_grid,artifacts/wfa/runs/20260116_signal_grid/signal_grid_20260116_z0p8_exit0p08_ssd25000,,configs/signal_grid_20260116/signal_grid_20260116_z0p8_exit0p08_ssd25000.yaml,running,False,,,,,,,,
signal_grid_20260116_z0p8_exit0p1_ssd25000,20260116_signal_grid,artifacts/wfa/runs/20260116_signal_grid/signal_grid_20260116_z0p8_exit0p1_ssd25000,,configs/signal_grid_20260116/signal_grid_20260116_z0p8_exit0p1_ssd25000.yaml,running,False,,,,,,,,
signal_grid_20260116_z0p9_exit0p04_ssd25000,20260116_signal_grid,artifacts/wfa/runs/20260116_signal_grid/signal_grid_20260116_z0p9_exit0p04_ssd25000,,configs/signal_grid_20260116/signal_grid_20260116_z0p9_exit0p04_ssd25000.yaml,running,False,,,,,,,,
signal_grid_20260116_z0p9_exit0p06_ssd25000,20260116_signal_grid,artifacts/wfa/runs/20260116_signal_grid/signal_grid_20260116_z0p9_exit0p06_ssd25000,,configs/signal_grid_20260116/signal_grid_20260116_z0p9_exit0p06_ssd25000.yaml,running,False,,,,,,,,
signal_grid_20260116_z0p9_exit0p08_ssd25000,20260116_signal_grid,artifacts/wfa/runs/20260116_signal_grid/signal_grid_20260116_z0p9_exit0p08_ssd25000,,configs/signal_grid_20260116/signal_grid_20260116_z0p9_exit0p08_ssd25000.yaml,running,False,,,,,,,,
signal_grid_20260116_z0p9_exit0p1_ssd25000,20260116_signal_grid,artifacts/wfa/runs/20260116_signal_grid/signal_grid_20260116_z0p9_exit0p1_ssd25000,,configs/signal_grid_20260116/signal_grid_20260116_z0p9_exit0p1_ssd25000.yaml,running,False,,,,,,,,
signal_sweep_20260116_z0p75_exit0p04_ssd25000,20260116_signal_sweep,artifacts/wfa/runs/20260116_signal_sweep/signal_sweep_20260116_z0p75_exit0p04_ssd25000,,configs/signal_sweep_20260116/signal_sweep_20260116_z0p75_exit0p04_ssd25000.yaml,planned,False,,,,,,,,
signal_sweep_20260116_z0p75_exit0p06_ssd25000,20260116_signal_sweep,artifacts/wfa/runs/20260116_signal_sweep/signal_sweep_20260116_z0p75_exit0p06_ssd25000,,configs/signal_sweep_20260116/signal_sweep_20260116_z0p75_exit0p06_ssd25000.yaml,planned,False,,,,,,,,
signal_sweep_20260116_z0p75_exit0p08_ssd25000,20260116_signal_sweep,artifacts/wfa/runs/20260116_signal_sweep/signal_sweep_20260116_z0p75_exit0p08_ssd25000,,configs/signal_sweep_20260116/signal_sweep_20260116_z0p75_exit0p08_ssd25000.yaml,planned,False,,,,,,,,
signal_sweep_20260116_z0p85_exit0p04_ssd25000,20260116_signal_sweep,artifacts/wfa/runs/20260116_signal_sweep/signal_sweep_20260116_z0p85_exit0p04_ssd25000,,configs/signal_sweep_20260116/signal_sweep_20260116_z0p85_exit0p04_ssd25000.yaml,planned,False,,,,,,,,
signal_sweep_20260116_z0p85_exit0p06_ssd25000,20260116_signal_sweep,artifacts/wfa/runs/20260116_signal_sweep/signal_sweep_20260116_z0p85_exit0p06_ssd25000,,configs/signal_sweep_20260116/signal_sweep_20260116_z0p85_exit0p06_ssd25000.yaml,planned,False,,,,,,,,
signal_sweep_20260116_z0p85_exit0p08_ssd25000,20260116_signal_sweep,artifacts/wfa/runs/20260116_signal_sweep/signal_sweep_20260116_z0p85_exit0p08_ssd25000,,configs/signal_sweep_20260116/signal_sweep_20260116_z0p85_exit0p08_ssd25000.yaml,planned,False,,,,,,,,
signal_sweep_20260116_z0p8_exit0p04_ssd25000,20260116_signal_sweep,artifacts/wfa/runs/20260116_signal_sweep/signal_sweep_20260116_z0p8_exit0p04_ssd25000,,configs/signal_sweep_20260116/signal_sweep_20260116_z0p8_exit0p04_ssd25000.yaml,planned,False,,,,,,,,
signal_sweep_20260116_z0p8_exit0p06_ssd25000,20260116_signal_sweep,artifacts/wfa/runs/20260116_signal_sweep/signal_sweep_20260116_z0p8_exit0p06_ssd25000,,configs/signal_sweep_20260116/signal_sweep_20260116_z0p8_exit0p06_ssd25000.yaml,planned,False,,,,,,,,
signal_sweep_20260116_z0p8_exit0p08_ssd25000,20260116_signal_sweep,artifacts/wfa/runs/20260116_signal_sweep/signal_sweep_20260116_z0p8_exit0p08_ssd25000,,configs/signal_sweep_20260116/signal_sweep_20260116_z0p8_exit0p08_ssd25000.yaml,planned,False,,,,,,,,
ssd_refine_20260116_exit0p06_pv0p05_kpss0p05_h0p55_c0p50_hl0p01-60_ssd20000,20260116_ssd_topn_refine,artifacts/wfa/runs/20260116_ssd_topn_refine/ssd_refine_20260116_exit0p06_pv0p05_kpss0p05_h0p55_c0p50_hl0p01-60_ssd20000,,configs/ssd_topn_refine_20260116/ssd_refine_20260116_exit0p06_pv0p05_kpss0p05_h0p55_c0p50_hl0p01-60_ssd20000.yaml,planned,False,,,,,,,,
ssd_refine_20260116_exit0p06_pv0p05_kpss0p05_h0p55_c0p50_hl0p01-60_ssd25000,20260116_ssd_topn_refine,artifacts/wfa/runs/20260116_ssd_topn_refine/ssd_refine_20260116_exit0p06_pv0p05_kpss0p05_h0p55_c0p50_hl0p01-60_ssd25000,,configs/ssd_topn_refine_20260116/ssd_refine_20260116_exit0p06_pv0p05_kpss0p05_h0p55_c0p50_hl0p01-60_ssd25000.yaml,planned,False,,,,,,,,
ssd_refine_20260116_exit0p06_pv0p05_kpss0p05_h0p55_c0p50_hl0p01-60_ssd30000,20260116_ssd_topn_refine,artifacts/wfa/runs/20260116_ssd_topn_refine/ssd_refine_20260116_exit0p06_pv0p05_kpss0p05_h0p55_c0p50_hl0p01-60_ssd30000,,configs/ssd_topn_refine_20260116/ssd_refine_20260116_exit0p06_pv0p05_kpss0p05_h0p55_c0p50_hl0p01-60_ssd30000.yaml,planned,False,,,,,,,,
ssd_refine_20260116_exit0p06_pv0p05_kpss0p05_h0p55_c0p50_hl0p01-60_ssd40000,20260116_ssd_topn_refine,artifacts/wfa/runs/20260116_ssd_topn_refine/ssd_refine_20260116_exit0p06_pv0p05_kpss0p05_h0p55_c0p50_hl0p01-60_ssd40000,,configs/ssd_topn_refine_20260116/ssd_refine_20260116_exit0p06_pv0p05_kpss0p05_h0p55_c0p50_hl0p01-60_ssd40000.yaml,planned,False,,,,,,,,
